mean_1	cx	mut_pb	t_size	avg_val	std_val
10	cxOnePoint	0.05	2	1.93290184847	0.00296367924218
10	cxOnePoint	0.05	4	1.93134866535	0.000743663048805
10	cxOnePoint	0.05	6	1.93108876035	0.00435160636797
10	cxOnePoint	0.05	8	1.92796183725	0.00577926053913
10	cxOnePoint	0.075	2	1.93504995007	0.00444412391314
10	cxOnePoint	0.075	4	1.93159286172	0.00213277387745
10	cxOnePoint	0.075	6	1.92991759772	0.00414502224297
10	cxOnePoint	0.075	8	1.933643103	0.00260541110703
10	cxOnePoint	0.1	2	1.93608936259	0.00641867843256
10	cxOnePoint	0.1	4	1.9368223581	0.0039401461258
10	cxOnePoint	0.1	6	1.93632886717	0.00308882086601
10	cxOnePoint	0.1	8	1.93400859244	0.00208732061178
10	cxOnePoint	0.125	2	1.93719400677	0.00210126024788
10	cxOnePoint	0.125	4	1.93422931958	0.00419227891568
10	cxOnePoint	0.125	6	1.93600914794	0.00681732499284
10	cxOnePoint	0.125	8	1.93340920956	0.00192429260937
10	cxOnePoint	0.15	2	1.93477426651	0.00320694211129
10	cxOnePoint	0.15	4	1.93426288365	0.0045974758264
10	cxOnePoint	0.15	6	1.93320151582	0.00361447629616
10	cxOnePoint	0.15	8	1.93212684213	0.00288652225988
10	cxOnePoint	0.175	2	1.93730659068	0.00169337926795
10	cxOnePoint	0.175	4	1.93580108205	0.00380213585682
10	cxOnePoint	0.175	6	1.93412652104	0.00348199351794
10	cxOnePoint	0.175	8	1.934303834	0.00491526871715
10	cxOnePoint	0.2	2	1.93940807954	0.00554232415219
10	cxOnePoint	0.2	4	1.9342242156	0.00380942391719
10	cxOnePoint	0.2	6	1.93596467324	0.00334629094471
10	cxOnePoint	0.2	8	1.93467377091	0.00209631438144
10	cxTwoPoint	0.05	2	1.93271215081	0.00365369926256
10	cxTwoPoint	0.05	4	1.93315872427	0.0042396784301
10	cxTwoPoint	0.05	6	1.92587696365	0.00530331110104
10	cxTwoPoint	0.05	8	1.93307183927	0.00328345569475
10	cxTwoPoint	0.075	2	1.93203726206	0.00699224672107
10	cxTwoPoint	0.075	4	1.93048276986	0.00588491253195
10	cxTwoPoint	0.075	6	1.9321959471	0.00580848161635
10	cxTwoPoint	0.075	8	1.93204751908	0.00132917064369
10	cxTwoPoint	0.1	2	1.93788325038	0.00599533900458
10	cxTwoPoint	0.1	4	1.93555635772	0.00541480203568
10	cxTwoPoint	0.1	6	1.93429971	0.00281115658162
10	cxTwoPoint	0.1	8	1.93533819979	0.00514594463336
10	cxTwoPoint	0.125	2	1.93641703579	0.00381123290863
10	cxTwoPoint	0.125	4	1.93291139627	0.00347800256955
10	cxTwoPoint	0.125	6	1.93189370512	0.00289070765911
10	cxTwoPoint	0.125	8	1.93619134136	0.00530165501141
10	cxTwoPoint	0.15	2	1.93908846963	0.00404668828064
10	cxTwoPoint	0.15	4	1.93533506848	0.00373179516366
10	cxTwoPoint	0.15	6	1.9353439076	0.00249808857879
10	cxTwoPoint	0.15	8	1.93509522852	0.00285479779535
10	cxTwoPoint	0.175	2	1.93708189182	0.00300377636786
10	cxTwoPoint	0.175	4	1.93954263838	0.00610156648387
10	cxTwoPoint	0.175	6	1.93684159711	0.00341762463451
10	cxTwoPoint	0.175	8	1.93379261125	0.0039646154008
10	cxTwoPoint	0.2	2	1.94099493061	0.00317645227263
10	cxTwoPoint	0.2	4	1.93755053994	0.00369634269633
10	cxTwoPoint	0.2	6	1.93760330744	0.0045167446701
10	cxTwoPoint	0.2	8	1.93414377992	0.0067987896499
10	cxUniform	0.05	2	1.94098172063	0.00278021578472
10	cxUniform	0.05	4	1.94132185743	0.00292841984761
10	cxUniform	0.05	6	1.93746986666	0.0051820405347
10	cxUniform	0.05	8	1.93721873334	0.00113184900633
10	cxUniform	0.075	2	1.94121849798	0.00403990443281
10	cxUniform	0.075	4	1.93681330856	0.00345076598806
10	cxUniform	0.075	6	1.93522070719	0.00240764444591
10	cxUniform	0.075	8	1.93690089402	0.00187710063566
10	cxUniform	0.1	2	1.94405645598	0.00571935796141
10	cxUniform	0.1	4	1.94041323894	0.00551403030843
10	cxUniform	0.1	6	1.93915350304	0.00675995119085
10	cxUniform	0.1	8	1.93597782846	0.0055804908036
10	cxUniform	0.125	2	1.94359971352	0.00536706618441
10	cxUniform	0.125	4	1.94321681723	0.00544940380561
10	cxUniform	0.125	6	1.94026281182	0.00462429499051
10	cxUniform	0.125	8	1.94158778518	0.00353688954532
10	cxUniform	0.15	2	1.94267617807	0.00403032893351
10	cxUniform	0.15	4	1.94053428267	0.00460559732707
10	cxUniform	0.15	6	1.93741182422	0.004247629197
10	cxUniform	0.15	8	1.93565466822	0.00183404106206
10	cxUniform	0.175	2	1.94289446082	0.00541408170235
10	cxUniform	0.175	4	1.94387334056	0.00477138860811
10	cxUniform	0.175	6	1.94104738891	0.00354627343822
10	cxUniform	0.175	8	1.94040931163	0.00540651132229
10	cxUniform	0.2	2	1.94933546588	0.0047099133276
10	cxUniform	0.2	4	1.9434777051	0.0064000672843
10	cxUniform	0.2	6	1.93677206025	0.00246346698175
10	cxUniform	0.2	8	1.93701066334	0.00393803596299
20	cxOnePoint	0.05	2	1.93229051855	0.00426504575909
20	cxOnePoint	0.05	4	1.93458575765	0.00434619512275
20	cxOnePoint	0.05	6	1.92956759554	0.00412583104063
20	cxOnePoint	0.05	8	1.93145802068	0.00929576525985
20	cxOnePoint	0.075	2	1.93935451399	0.00618926133386
20	cxOnePoint	0.075	4	1.93460894589	0.00519225361875
20	cxOnePoint	0.075	6	1.93735177157	0.0041331837919
20	cxOnePoint	0.075	8	1.93233738426	0.00322270981235
20	cxOnePoint	0.1	2	1.93569961968	0.00259208951072
20	cxOnePoint	0.1	4	1.93213029152	0.00345472116976
20	cxOnePoint	0.1	6	1.93725781376	0.00670953899845
20	cxOnePoint	0.1	8	1.9338978143	0.00336539535873
20	cxOnePoint	0.125	2	1.93591375166	0.00170395791067
20	cxOnePoint	0.125	4	1.93605724515	0.00513352372144
20	cxOnePoint	0.125	6	1.93769009823	0.00270781402705
20	cxOnePoint	0.125	8	1.93731150196	0.00124286366219
20	cxOnePoint	0.15	2	1.93780200768	0.00611957081134
20	cxOnePoint	0.15	4	1.93982334339	0.00287879632588
20	cxOnePoint	0.15	6	1.93450807536	0.0099786266543
20	cxOnePoint	0.15	8	1.93377079509	0.00333524567097
20	cxOnePoint	0.175	2	1.93974980992	0.00239264475256
20	cxOnePoint	0.175	4	1.93757405891	0.00685419534017
20	cxOnePoint	0.175	6	1.93727252197	0.00390707450069
20	cxOnePoint	0.175	8	1.93991489276	0.0051465331901
20	cxOnePoint	0.2	2	1.94131503378	0.00721640255115
20	cxOnePoint	0.2	4	1.93555106708	0.00196262849424
20	cxOnePoint	0.2	6	1.93592424446	0.00514834989851
20	cxOnePoint	0.2	8	1.93714989753	0.00329058673323
20	cxTwoPoint	0.05	2	1.93945023729	0.00532198949504
20	cxTwoPoint	0.05	4	1.93902000153	0.00538002933717
20	cxTwoPoint	0.05	6	1.93274631485	0.00726581093865
20	cxTwoPoint	0.05	8	1.93118385392	0.00151146443804
20	cxTwoPoint	0.075	2	1.93783534292	0.00546937945753
20	cxTwoPoint	0.075	4	1.93487845061	0.00318364952627
20	cxTwoPoint	0.075	6	1.93095609607	0.00475809548733
20	cxTwoPoint	0.075	8	1.93270669772	0.00423476529891
20	cxTwoPoint	0.1	2	1.93979824144	0.00587943040427
20	cxTwoPoint	0.1	4	1.93231764095	0.0017350777332
20	cxTwoPoint	0.1	6	1.9366009834	0.00557769647955
20	cxTwoPoint	0.1	8	1.93225927976	0.00173848659027
20	cxTwoPoint	0.125	2	1.94076789815	0.00299272347277
20	cxTwoPoint	0.125	4	1.93595593821	0.00226527146679
20	cxTwoPoint	0.125	6	1.93659497478	0.00174184688843
20	cxTwoPoint	0.125	8	1.93603794359	0.00751630577017
20	cxTwoPoint	0.15	2	1.93466272958	0.00356046861006
20	cxTwoPoint	0.15	4	1.94035914774	0.00389383631582
20	cxTwoPoint	0.15	6	1.93450057255	0.00382749723817
20	cxTwoPoint	0.15	8	1.93343070031	0.00228348288661
20	cxTwoPoint	0.175	2	1.94106018619	0.00512171987674
20	cxTwoPoint	0.175	4	1.93596272218	0.00390883618505
20	cxTwoPoint	0.175	6	1.93458619224	0.00464094986317
20	cxTwoPoint	0.175	8	1.93345946877	0.0054946743976
20	cxTwoPoint	0.2	2	1.93933440527	0.00151837757546
20	cxTwoPoint	0.2	4	1.94081822186	0.00464150632899
20	cxTwoPoint	0.2	6	1.9369089881	0.00537327631196
20	cxTwoPoint	0.2	8	1.93409603276	0.00357538865151
20	cxUniform	0.05	2	1.94440273355	0.00424331842584
20	cxUniform	0.05	4	1.94335943639	0.00437778216638
20	cxUniform	0.05	6	1.93511366809	0.00347206639243
20	cxUniform	0.05	8	1.93594572451	0.00497226462236
20	cxUniform	0.075	2	1.94390173268	0.00254390940753
20	cxUniform	0.075	4	1.94175412086	0.00413385574861
20	cxUniform	0.075	6	1.93624930564	0.00184201809091
20	cxUniform	0.075	8	1.94025219728	0.00341067362585
20	cxUniform	0.1	2	1.94519619615	0.00411862644419
20	cxUniform	0.1	4	1.94173115458	0.00463061283266
20	cxUniform	0.1	6	1.9382391595	0.00693109398481
20	cxUniform	0.1	8	1.94263396798	0.00370937396862
20	cxUniform	0.125	2	1.94742265594	0.0028205375198
20	cxUniform	0.125	4	1.94377025628	0.00608393321436
20	cxUniform	0.125	6	1.93864461278	0.00554041789674
20	cxUniform	0.125	8	1.9412314308	0.00527028617884
20	cxUniform	0.15	2	1.94734858736	0.0030946675442
20	cxUniform	0.15	4	1.94303927456	0.00415756698341
20	cxUniform	0.15	6	1.9398883835	0.0025211268394
20	cxUniform	0.15	8	1.9393995238	0.00124769130241
20	cxUniform	0.175	2	1.9440321288	0.00413666389266
20	cxUniform	0.175	4	1.94249167102	0.00503927781692
20	cxUniform	0.175	6	1.94484046168	0.00528472743842
20	cxUniform	0.175	8	1.94271916115	0.00466238629859
20	cxUniform	0.2	2	1.94716442414	0.00360461579081
20	cxUniform	0.2	4	1.94093248369	0.00507268400445
20	cxUniform	0.2	6	1.93907651068	0.00512966987484
20	cxUniform	0.2	8	1.94471321958	0.00527989461348
30	cxOnePoint	0.05	2	1.94010314634	0.00452796554226
30	cxOnePoint	0.05	4	1.93553225582	0.00759882936076
30	cxOnePoint	0.05	6	1.93691423469	0.00416652579047
30	cxOnePoint	0.05	8	1.94002426898	0.00397074595947
30	cxOnePoint	0.075	2	1.9387621606	0.00362102422704
30	cxOnePoint	0.075	4	1.93796821338	0.00388113887881
30	cxOnePoint	0.075	6	1.935554981	0.00326667583553
30	cxOnePoint	0.075	8	1.93371148748	0.00391236794675
30	cxOnePoint	0.1	2	1.9405811459	0.00658284648501
30	cxOnePoint	0.1	4	1.93664100992	0.00737365671675
30	cxOnePoint	0.1	6	1.93690711313	0.00545217014059
30	cxOnePoint	0.1	8	1.93411106167	0.004804401251
30	cxOnePoint	0.125	2	1.9437771274	0.0037291453466
30	cxOnePoint	0.125	4	1.94126512871	0.00382388977008
30	cxOnePoint	0.125	6	1.93626483733	0.00564041073933
30	cxOnePoint	0.125	8	1.93406594469	0.00352288624686
30	cxOnePoint	0.15	2	1.94288903978	0.004812885482
30	cxOnePoint	0.15	4	1.93918163738	0.0043544511898
30	cxOnePoint	0.15	6	1.93789527529	0.00738983534561
30	cxOnePoint	0.15	8	1.93770957821	0.00813555506756
30	cxOnePoint	0.175	2	1.94271777685	0.00590946339943
30	cxOnePoint	0.175	4	1.93825447804	0.00422870045673
30	cxOnePoint	0.175	6	1.9365430841	0.00733798660079
30	cxOnePoint	0.175	8	1.93235546889	0.00326265830452
30	cxOnePoint	0.2	2	1.94383009698	0.00561980812329
30	cxOnePoint	0.2	4	1.94118341242	0.00600062795126
30	cxOnePoint	0.2	6	1.93640331958	0.00508864522997
30	cxOnePoint	0.2	8	1.93450204841	0.00346702769081
30	cxTwoPoint	0.05	2	1.9412530471	0.00481872833253
30	cxTwoPoint	0.05	4	1.93691139513	0.00406629160321
30	cxTwoPoint	0.05	6	1.93844467411	0.00688744013822
30	cxTwoPoint	0.05	8	1.93551209901	0.00405252119799
30	cxTwoPoint	0.075	2	1.94106092038	0.00529833317796
30	cxTwoPoint	0.075	4	1.93631530281	0.00317876373044
30	cxTwoPoint	0.075	6	1.93995091181	0.00799452913469
30	cxTwoPoint	0.075	8	1.93913568908	0.0049618365933
30	cxTwoPoint	0.1	2	1.94132631534	0.00512383092433
30	cxTwoPoint	0.1	4	1.9320897576	0.00366552377157
30	cxTwoPoint	0.1	6	1.93683087193	0.00632177823114
30	cxTwoPoint	0.1	8	1.93340181991	0.0026006792224
30	cxTwoPoint	0.125	2	1.93951674418	0.00512091214607
30	cxTwoPoint	0.125	4	1.93794366544	0.00584408099036
30	cxTwoPoint	0.125	6	1.94113937186	0.00637848027145
30	cxTwoPoint	0.125	8	1.94251329884	0.00487819049421
30	cxTwoPoint	0.15	2	1.94234298786	0.00629366223074
30	cxTwoPoint	0.15	4	1.93870583358	0.00280765564112
30	cxTwoPoint	0.15	6	1.9382498248	0.00215453824581
30	cxTwoPoint	0.15	8	1.94017482079	0.00617835939589
30	cxTwoPoint	0.175	2	1.9382328728	0.00311841223803
30	cxTwoPoint	0.175	4	1.94315199621	0.00319693435853
30	cxTwoPoint	0.175	6	1.94392391295	0.00430651771367
30	cxTwoPoint	0.175	8	1.9327157225	0.00277284018239
30	cxTwoPoint	0.2	2	1.9442325461	0.00424656049319
30	cxTwoPoint	0.2	4	1.93969122532	0.00347485116879
30	cxTwoPoint	0.2	6	1.94322899857	0.00324863260348
30	cxTwoPoint	0.2	8	1.9358367008	0.0066131943144
30	cxUniform	0.05	2	1.94423689987	0.00636109623101
30	cxUniform	0.05	4	1.94692781688	0.0027819214333
30	cxUniform	0.05	6	1.94189428784	0.00513991198223
30	cxUniform	0.05	8	1.94088959966	0.0048021939017
30	cxUniform	0.075	2	1.94636621717	0.0044415563883
30	cxUniform	0.075	4	1.94761608331	0.00368906392398
30	cxUniform	0.075	6	1.9441200996	0.00621405931184
30	cxUniform	0.075	8	1.93879767238	0.00315070755225
30	cxUniform	0.1	2	1.94231930807	0.0030400710932
30	cxUniform	0.1	4	1.94579965541	0.0025620813357
30	cxUniform	0.1	6	1.94713563962	0.00516613475909
30	cxUniform	0.1	8	1.94240149411	0.00488760510426
30	cxUniform	0.125	2	1.94608277076	0.00449481336991
30	cxUniform	0.125	4	1.9463936972	0.00445840300338
30	cxUniform	0.125	6	1.94605576296	0.00580054180898
30	cxUniform	0.125	8	1.93870913038	0.00349241959057
30	cxUniform	0.15	2	1.9486137039	0.00158931516326
30	cxUniform	0.15	4	1.94702708104	0.00386539395337
30	cxUniform	0.15	6	1.94456501817	0.00662617797905
30	cxUniform	0.15	8	1.93978117813	0.00579871069871
30	cxUniform	0.175	2	1.94785593429	0.00395276871618
30	cxUniform	0.175	4	1.94652058159	0.0047466134752
30	cxUniform	0.175	6	1.94421133809	0.0061614504595
30	cxUniform	0.175	8	1.94290951598	0.00585425635578
30	cxUniform	0.2	2	1.94895128972	0.00317935185429
30	cxUniform	0.2	4	1.93981453042	0.00167889566687
30	cxUniform	0.2	6	1.94302285104	0.00325026028612
30	cxUniform	0.2	8	1.94514800687	0.00531491369711
40	cxOnePoint	0.05	2	1.94060776202	0.00443675712614
40	cxOnePoint	0.05	4	1.93273405286	0.0016969701877
40	cxOnePoint	0.05	6	1.93525573036	0.00518477962674
40	cxOnePoint	0.05	8	1.93549991845	0.00539043836723
40	cxOnePoint	0.075	2	1.94523566059	0.00364403131394
40	cxOnePoint	0.075	4	1.9384606782	0.00465438144341
40	cxOnePoint	0.075	6	1.93539759626	0.00617955918082
40	cxOnePoint	0.075	8	1.94201239415	0.00532402882305
40	cxOnePoint	0.1	2	1.94141763119	0.00366166956725
40	cxOnePoint	0.1	4	1.93836813722	0.00323621300597
40	cxOnePoint	0.1	6	1.9388163947	0.00130758030298
40	cxOnePoint	0.1	8	1.94295303314	0.00184465693847
40	cxOnePoint	0.125	2	1.94071644446	0.00388326995388
40	cxOnePoint	0.125	4	1.93964202525	0.00527721514527
40	cxOnePoint	0.125	6	1.93578264142	0.00252386221754
40	cxOnePoint	0.125	8	1.93429755985	0.00660607617992
40	cxOnePoint	0.15	2	1.9437158606	0.00520112358408
40	cxOnePoint	0.15	4	1.93650035614	0.00670115097756
40	cxOnePoint	0.15	6	1.93481644356	0.00499697075508
40	cxOnePoint	0.15	8	1.94384763555	0.00541361347451
40	cxOnePoint	0.175	2	1.94477141012	0.00371250130495
40	cxOnePoint	0.175	4	1.94276905253	0.0042013629744
40	cxOnePoint	0.175	6	1.93134195276	0.00242173002702
40	cxOnePoint	0.175	8	1.93363725488	0.000934775720138
40	cxOnePoint	0.2	2	1.94286384611	0.00430705598783
40	cxOnePoint	0.2	4	1.9409627712	0.00663018536335
40	cxOnePoint	0.2	6	1.93994025587	0.004304951025
40	cxOnePoint	0.2	8	1.93793069896	0.00718383034072
40	cxTwoPoint	0.05	2	1.94013660443	0.00347412048569
40	cxTwoPoint	0.05	4	1.93836718348	0.00595661747748
40	cxTwoPoint	0.05	6	1.93721869381	0.00562525710269
40	cxTwoPoint	0.05	8	1.9352683634	0.00308256438283
40	cxTwoPoint	0.075	2	1.94353691756	0.00607975753755
40	cxTwoPoint	0.075	4	1.93673543604	0.00217880169302
40	cxTwoPoint	0.075	6	1.93475626579	0.00822345517054
40	cxTwoPoint	0.075	8	1.93591421905	0.00637686295612
40	cxTwoPoint	0.1	2	1.94244235516	0.00272603883021
40	cxTwoPoint	0.1	4	1.93825892684	0.00463625980215
40	cxTwoPoint	0.1	6	1.93987494841	0.00289392379033
40	cxTwoPoint	0.1	8	1.93640320954	0.00262016272424
40	cxTwoPoint	0.125	2	1.94264275138	0.00619852401457
40	cxTwoPoint	0.125	4	1.93984037478	0.00474513811368
40	cxTwoPoint	0.125	6	1.9359771595	0.00647212437345
40	cxTwoPoint	0.125	8	1.93542528779	0.00433303397064
40	cxTwoPoint	0.15	2	1.94585242009	0.00238540225541
40	cxTwoPoint	0.15	4	1.93805474587	0.00489552144162
40	cxTwoPoint	0.15	6	1.93401023076	0.00299374158935
40	cxTwoPoint	0.15	8	1.93848478904	0.00642812642501
40	cxTwoPoint	0.175	2	1.94483176708	0.00471310689307
40	cxTwoPoint	0.175	4	1.93863283325	0.00582100055821
40	cxTwoPoint	0.175	6	1.94044469987	0.00555876254435
40	cxTwoPoint	0.175	8	1.9350163725	0.00196116096452
40	cxTwoPoint	0.2	2	1.94074119662	0.00412940212972
40	cxTwoPoint	0.2	4	1.93947251838	0.00400103437762
40	cxTwoPoint	0.2	6	1.93715537822	0.00321839496702
40	cxTwoPoint	0.2	8	1.94109929782	0.00582817453181
40	cxUniform	0.05	2	1.94827801811	0.00296000524896
40	cxUniform	0.05	4	1.94485506166	0.00435011402553
40	cxUniform	0.05	6	1.94381026907	0.00233312017648
40	cxUniform	0.05	8	1.93967092949	0.00435121240859
40	cxUniform	0.075	2	1.94870539124	0.00167093082469
40	cxUniform	0.075	4	1.94758326686	0.00398396028899
40	cxUniform	0.075	6	1.94624210941	0.00259130865403
40	cxUniform	0.075	8	1.94035687228	0.00694119709146
40	cxUniform	0.1	2	1.94753581286	0.00367155343533
40	cxUniform	0.1	4	1.94348077554	0.00422497610787
40	cxUniform	0.1	6	1.94472849037	0.00419831963036
40	cxUniform	0.1	8	1.94299877146	0.00343088987738
40	cxUniform	0.125	2	1.94632079036	0.0035988796369
40	cxUniform	0.125	4	1.94614937692	0.00333905337598
40	cxUniform	0.125	6	1.94676556299	0.00421832694939
40	cxUniform	0.125	8	1.94080355926	0.00446910887091
40	cxUniform	0.15	2	1.9493756479	0.000819442718302
40	cxUniform	0.15	4	1.94693469626	0.00416058198163
40	cxUniform	0.15	6	1.94790737194	0.00128399128295
40	cxUniform	0.15	8	1.94657604583	0.00356074783742
40	cxUniform	0.175	2	1.95013291342	0.00116865680459
40	cxUniform	0.175	4	1.94880320781	0.00169534044911
40	cxUniform	0.175	6	1.94499163576	0.00409399795915
40	cxUniform	0.175	8	1.94139817505	0.00679455654111
40	cxUniform	0.2	2	1.94778909223	0.00266360354664
40	cxUniform	0.2	4	1.94588964825	0.00465701264813
40	cxUniform	0.2	6	1.94414966746	0.00382039845486
40	cxUniform	0.2	8	1.9461165927	0.00340140957223
50	cxOnePoint	0.05	2	1.94301211903	0.00320307434364
50	cxOnePoint	0.05	4	1.93442839341	0.00353022737143
50	cxOnePoint	0.05	6	1.93908869856	0.00573413584084
50	cxOnePoint	0.05	8	1.93124129172	0.00385345159931
50	cxOnePoint	0.075	2	1.93807751294	0.00273246290219
50	cxOnePoint	0.075	4	1.93328782859	0.00446683788811
50	cxOnePoint	0.075	6	1.93399546583	0.00401421545296
50	cxOnePoint	0.075	8	1.93453155444	0.0055383873574
50	cxOnePoint	0.1	2	1.94120253483	0.00459753858525
50	cxOnePoint	0.1	4	1.93740903847	0.00619766416343
50	cxOnePoint	0.1	6	1.93818408021	0.00727208830222
50	cxOnePoint	0.1	8	1.93553365261	0.00364509241667
50	cxOnePoint	0.125	2	1.93654763933	0.00520848484377
50	cxOnePoint	0.125	4	1.93634995712	0.00615602000421
50	cxOnePoint	0.125	6	1.93850573996	0.00359755973797
50	cxOnePoint	0.125	8	1.93462507989	0.00426089245422
50	cxOnePoint	0.15	2	1.94321862537	0.00446385980185
50	cxOnePoint	0.15	4	1.94035873422	0.00583264397997
50	cxOnePoint	0.15	6	1.93469108505	0.00375725935867
50	cxOnePoint	0.15	8	1.92965323565	0.00395658433468
50	cxOnePoint	0.175	2	1.93889968618	0.00400963003561
50	cxOnePoint	0.175	4	1.93915968825	0.00624358443361
50	cxOnePoint	0.175	6	1.9376397932	0.00515509894834
50	cxOnePoint	0.175	8	1.94085441174	0.00379128731988
50	cxOnePoint	0.2	2	1.94420012483	0.00496192969734
50	cxOnePoint	0.2	4	1.94067891499	0.00551783295987
50	cxOnePoint	0.2	6	1.93795121569	0.0077028128115
50	cxOnePoint	0.2	8	1.93800185484	0.00594028157888
50	cxTwoPoint	0.05	2	1.94106568367	0.00268499284364
50	cxTwoPoint	0.05	4	1.93894204985	0.00369988024847
50	cxTwoPoint	0.05	6	1.93652624861	0.00403890602678
50	cxTwoPoint	0.05	8	1.93889305919	0.00414120273951
50	cxTwoPoint	0.075	2	1.94212515487	0.00684530397021
50	cxTwoPoint	0.075	4	1.94408619274	0.00401054606971
50	cxTwoPoint	0.075	6	1.93586183935	0.00303248861618
50	cxTwoPoint	0.075	8	1.93816965799	0.00563505441026
50	cxTwoPoint	0.1	2	1.94249389187	0.0041390567033
50	cxTwoPoint	0.1	4	1.93995242241	0.003390753844
50	cxTwoPoint	0.1	6	1.93712408166	0.00447382634826
50	cxTwoPoint	0.1	8	1.94049573488	0.00520446675983
50	cxTwoPoint	0.125	2	1.94584484937	0.00366279772336
50	cxTwoPoint	0.125	4	1.94255128632	0.00383509240373
50	cxTwoPoint	0.125	6	1.93698213242	0.0038551504537
50	cxTwoPoint	0.125	8	1.93651959755	0.00464683306158
50	cxTwoPoint	0.15	2	1.94412013852	0.0034124679426
50	cxTwoPoint	0.15	4	1.93879500111	0.00249319165259
50	cxTwoPoint	0.15	6	1.94275927812	0.00427188549728
50	cxTwoPoint	0.15	8	1.9355746843	0.00797769377843
50	cxTwoPoint	0.175	2	1.94530537674	0.00484373250431
50	cxTwoPoint	0.175	4	1.93973398486	0.00560400341194
50	cxTwoPoint	0.175	6	1.93897921991	0.00761082574937
50	cxTwoPoint	0.175	8	1.9414174674	0.00549020448016
50	cxTwoPoint	0.2	2	1.94501733816	0.004848004382
50	cxTwoPoint	0.2	4	1.94178542949	0.00429083571693
50	cxTwoPoint	0.2	6	1.94005369264	0.00501839599403
50	cxTwoPoint	0.2	8	1.93789960011	0.00424468329566
50	cxUniform	0.05	2	1.94863736138	0.00320362109452
50	cxUniform	0.05	4	1.94569827124	0.00381826599152
50	cxUniform	0.05	6	1.94262775999	0.00390501575264
50	cxUniform	0.05	8	1.94270048495	0.0061636202024
50	cxUniform	0.075	2	1.94845391249	0.00202342947773
50	cxUniform	0.075	4	1.94645971115	0.00345368140515
50	cxUniform	0.075	6	1.94276416253	0.00577029210297
50	cxUniform	0.075	8	1.94353343325	0.00614307782261
50	cxUniform	0.1	2	1.94770449896	0.00239153385644
50	cxUniform	0.1	4	1.94674261154	0.00356888825806
50	cxUniform	0.1	6	1.94457834786	0.00421555810032
50	cxUniform	0.1	8	1.94218495458	0.00585005320487
50	cxUniform	0.125	2	1.94677319849	0.00300613627813
50	cxUniform	0.125	4	1.94768107063	0.00436099547877
50	cxUniform	0.125	6	1.94177556697	0.00503469725039
50	cxUniform	0.125	8	1.94386948101	0.00568206536782
50	cxUniform	0.15	2	1.94625618735	0.00348016547762
50	cxUniform	0.15	4	1.94214182206	0.00371501737691
50	cxUniform	0.15	6	1.94564883318	0.00540310830682
50	cxUniform	0.15	8	1.94608342166	0.00401451182974
50	cxUniform	0.175	2	1.94733847189	0.00379784163813
50	cxUniform	0.175	4	1.94299410026	0.00549180218314
50	cxUniform	0.175	6	1.94530345407	0.00428928459391
50	cxUniform	0.175	8	1.94270366256	0.0053853241538
50	cxUniform	0.2	2	1.9496771331	0.000735212590258
50	cxUniform	0.2	4	1.9486470328	0.00207141228369
50	cxUniform	0.2	6	1.94605961484	0.00213764032034
50	cxUniform	0.2	8	1.94280844671	0.00378904413102
60	cxOnePoint	0.05	2	1.93916632289	0.00451423198146
60	cxOnePoint	0.05	4	1.93777105935	0.00445455180514
60	cxOnePoint	0.05	6	1.93096432056	0.00614035704794
60	cxOnePoint	0.05	8	1.92792016726	0.00365879737738
60	cxOnePoint	0.075	2	1.93719227184	0.00501538131139
60	cxOnePoint	0.075	4	1.9354613993	0.00883560366661
60	cxOnePoint	0.075	6	1.93352880713	0.0030183935294
60	cxOnePoint	0.075	8	1.94099938086	0.00310128820711
60	cxOnePoint	0.1	2	1.93951017725	0.00364770488166
60	cxOnePoint	0.1	4	1.93597117394	0.00701056253828
60	cxOnePoint	0.1	6	1.94012739956	0.0073294242495
60	cxOnePoint	0.1	8	1.9392194131	0.00318688380003
60	cxOnePoint	0.125	2	1.9373569312	0.00565871587109
60	cxOnePoint	0.125	4	1.93531883885	0.00649376883722
60	cxOnePoint	0.125	6	1.93466866469	0.00695246324471
60	cxOnePoint	0.125	8	1.93663542825	0.00802203256534
60	cxOnePoint	0.15	2	1.93893019462	0.00449464971404
60	cxOnePoint	0.15	4	1.93672962535	0.00634583218547
60	cxOnePoint	0.15	6	1.93979068144	0.00374579358895
60	cxOnePoint	0.15	8	1.93733614347	0.00470494124732
60	cxOnePoint	0.175	2	1.9438039486	0.00361156701393
60	cxOnePoint	0.175	4	1.93800929986	0.00589718034129
60	cxOnePoint	0.175	6	1.93659916536	0.00620695094683
60	cxOnePoint	0.175	8	1.93607586938	0.00125102534245
60	cxOnePoint	0.2	2	1.94000714062	0.00612437788583
60	cxOnePoint	0.2	4	1.9384191622	0.00751210659025
60	cxOnePoint	0.2	6	1.93652600939	0.0061968938346
60	cxOnePoint	0.2	8	1.93717683186	0.0060546686294
60	cxTwoPoint	0.05	2	1.93640063847	0.00779728300043
60	cxTwoPoint	0.05	4	1.93661500474	0.00631866460684
60	cxTwoPoint	0.05	6	1.93769027979	0.00606377275754
60	cxTwoPoint	0.05	8	1.93252972369	0.00473548157754
60	cxTwoPoint	0.075	2	1.94027152275	0.00368706081981
60	cxTwoPoint	0.075	4	1.93845748181	0.00485620290586
60	cxTwoPoint	0.075	6	1.94027544957	0.00431946134915
60	cxTwoPoint	0.075	8	1.93258691322	0.00305384295865
60	cxTwoPoint	0.1	2	1.94099558243	0.00272645778353
60	cxTwoPoint	0.1	4	1.9387025738	0.0039285172012
60	cxTwoPoint	0.1	6	1.93341175982	0.00702935873122
60	cxTwoPoint	0.1	8	1.93580871527	0.00493227654219
60	cxTwoPoint	0.125	2	1.94300340327	0.00229147189696
60	cxTwoPoint	0.125	4	1.93857838879	0.00566856800698
60	cxTwoPoint	0.125	6	1.94093939453	0.00481813236679
60	cxTwoPoint	0.125	8	1.93779858322	0.00806686214751
60	cxTwoPoint	0.15	2	1.94629992948	0.00212356246336
60	cxTwoPoint	0.15	4	1.93791083281	0.00572410399932
60	cxTwoPoint	0.15	6	1.93653523444	0.00735230461126
60	cxTwoPoint	0.15	8	1.93785168089	0.00492253139323
60	cxTwoPoint	0.175	2	1.94256542433	0.00285409355432
60	cxTwoPoint	0.175	4	1.937207661	0.00177540792023
60	cxTwoPoint	0.175	6	1.93607468059	0.00395437442804
60	cxTwoPoint	0.175	8	1.93751308763	0.00652401683155
60	cxTwoPoint	0.2	2	1.93975255053	0.00412356623139
60	cxTwoPoint	0.2	4	1.94024616819	0.00508887360137
60	cxTwoPoint	0.2	6	1.93800616808	0.00648259624673
60	cxTwoPoint	0.2	8	1.93514459018	0.00453525186324
60	cxUniform	0.05	2	1.94675287013	0.00383794193572
60	cxUniform	0.05	4	1.94208746484	0.00374269303868
60	cxUniform	0.05	6	1.94343210813	0.00551176507999
60	cxUniform	0.05	8	1.93703403469	0.0043034213179
60	cxUniform	0.075	2	1.94446185291	0.00239901454895
60	cxUniform	0.075	4	1.94643992075	0.00372067370934
60	cxUniform	0.075	6	1.94189784174	0.00241772928159
60	cxUniform	0.075	8	1.93906179178	0.00467392342022
60	cxUniform	0.1	2	1.94716612908	0.00344439188821
60	cxUniform	0.1	4	1.94316354154	0.00237686208893
60	cxUniform	0.1	6	1.94360771198	0.0036686845096
60	cxUniform	0.1	8	1.94087943035	0.0022956463684
60	cxUniform	0.125	2	1.94666108111	0.00283651682039
60	cxUniform	0.125	4	1.94726065836	0.0023488544867
60	cxUniform	0.125	6	1.94364542157	0.00306100321193
60	cxUniform	0.125	8	1.9446090698	0.00346465331136
60	cxUniform	0.15	2	1.95000602851	0.000800918537018
60	cxUniform	0.15	4	1.94575416612	0.00253124956585
60	cxUniform	0.15	6	1.94117468237	0.00290698618211
60	cxUniform	0.15	8	1.9436018988	0.00473284668604
60	cxUniform	0.175	2	1.950136592	0.00138075299283
60	cxUniform	0.175	4	1.94799661709	0.00139854580425
60	cxUniform	0.175	6	1.94315093136	0.00520503261385
60	cxUniform	0.175	8	1.94457153278	0.00405949363015
60	cxUniform	0.2	2	1.9486760954	0.00224504797077
60	cxUniform	0.2	4	1.94785431609	0.00489136437337
60	cxUniform	0.2	6	1.94560200356	0.00180895168623
60	cxUniform	0.2	8	1.94101035901	0.00568455248679
70	cxOnePoint	0.05	2	1.93457432732	0.00606694747526
70	cxOnePoint	0.05	4	1.93172407021	0.00709120514516
70	cxOnePoint	0.05	6	1.9295329097	0.00717476957754
70	cxOnePoint	0.05	8	1.92917546972	0.00638755891357
70	cxOnePoint	0.075	2	1.93914353929	0.0071140888674
70	cxOnePoint	0.075	4	1.93049305326	0.00692120691996
70	cxOnePoint	0.075	6	1.93203229856	0.0102177937034
70	cxOnePoint	0.075	8	1.93088997139	0.00378151268912
70	cxOnePoint	0.1	2	1.93071724757	0.00713757940227
70	cxOnePoint	0.1	4	1.93441112346	0.00429369353649
70	cxOnePoint	0.1	6	1.9308800173	0.00535367679366
70	cxOnePoint	0.1	8	1.92698888176	0.00401975656406
70	cxOnePoint	0.125	2	1.93676789802	0.00441008023116
70	cxOnePoint	0.125	4	1.93424823005	0.00605012997238
70	cxOnePoint	0.125	6	1.93493958335	0.0076206337323
70	cxOnePoint	0.125	8	1.93428023742	0.00299646964045
70	cxOnePoint	0.15	2	1.93309299267	0.0054257257021
70	cxOnePoint	0.15	4	1.93316583485	0.00661025052169
70	cxOnePoint	0.15	6	1.93318624153	0.00476932769214
70	cxOnePoint	0.15	8	1.92996134228	0.00692714220373
70	cxOnePoint	0.175	2	1.94033023993	0.00291482463888
70	cxOnePoint	0.175	4	1.93533307378	0.00809027933658
70	cxOnePoint	0.175	6	1.93315633915	0.00661717495952
70	cxOnePoint	0.175	8	1.93202744899	0.00852303735114
70	cxOnePoint	0.2	2	1.93745922095	0.00803313138507
70	cxOnePoint	0.2	4	1.93948596192	0.00573581346081
70	cxOnePoint	0.2	6	1.93721809408	0.00510663052572
70	cxOnePoint	0.2	8	1.93162433379	0.00334405193408
70	cxTwoPoint	0.05	2	1.93294441302	0.00289643746327
70	cxTwoPoint	0.05	4	1.93524856555	0.00360595171211
70	cxTwoPoint	0.05	6	1.93108788362	0.00251568485063
70	cxTwoPoint	0.05	8	1.93339028942	0.00469348121227
70	cxTwoPoint	0.075	2	1.93690363143	0.00495817710006
70	cxTwoPoint	0.075	4	1.93465539752	0.00280672972939
70	cxTwoPoint	0.075	6	1.93204241249	0.00314824992741
70	cxTwoPoint	0.075	8	1.93545316504	0.00852960673612
70	cxTwoPoint	0.1	2	1.93915264444	0.00304636838772
70	cxTwoPoint	0.1	4	1.93255734604	0.00301927359221
70	cxTwoPoint	0.1	6	1.93912428718	0.00584223382107
70	cxTwoPoint	0.1	8	1.93435884932	0.00482116698069
70	cxTwoPoint	0.125	2	1.94344498791	0.00266735450534
70	cxTwoPoint	0.125	4	1.93751721316	0.00384042582932
70	cxTwoPoint	0.125	6	1.93654516557	0.00365591915075
70	cxTwoPoint	0.125	8	1.9389019113	0.0053484338685
70	cxTwoPoint	0.15	2	1.94549087023	0.00218820276492
70	cxTwoPoint	0.15	4	1.93837338497	0.00282570116916
70	cxTwoPoint	0.15	6	1.93380082647	0.00276465788785
70	cxTwoPoint	0.15	8	1.93426803033	0.00503042851573
70	cxTwoPoint	0.175	2	1.93829208088	0.00324319050715
70	cxTwoPoint	0.175	4	1.93586179747	0.00261592444243
70	cxTwoPoint	0.175	6	1.93326930688	0.00495081578508
70	cxTwoPoint	0.175	8	1.93476353846	0.00660611468865
70	cxTwoPoint	0.2	2	1.93914620355	0.00712636305432
70	cxTwoPoint	0.2	4	1.94060075929	0.00348033902941
70	cxTwoPoint	0.2	6	1.93912230056	0.00390084354346
70	cxTwoPoint	0.2	8	1.93351666368	0.00325083581866
70	cxUniform	0.05	2	1.9458890242	0.00520107239414
70	cxUniform	0.05	4	1.94311748004	0.00298780135936
70	cxUniform	0.05	6	1.94159313096	0.00198387917498
70	cxUniform	0.05	8	1.94076555148	0.00273093883131
70	cxUniform	0.075	2	1.94445927664	0.00457416701847
70	cxUniform	0.075	4	1.94228774364	0.00631162641796
70	cxUniform	0.075	6	1.94321879193	0.00245623998973
70	cxUniform	0.075	8	1.94189939023	0.0065916133423
70	cxUniform	0.1	2	1.94700593293	0.00408985164112
70	cxUniform	0.1	4	1.9410828078	0.00371263486263
70	cxUniform	0.1	6	1.94264532935	0.00358677497273
70	cxUniform	0.1	8	1.93339777963	0.00463596701848
70	cxUniform	0.125	2	1.94863614723	0.00188733144816
70	cxUniform	0.125	4	1.94431490547	0.00244815326092
70	cxUniform	0.125	6	1.9450838233	0.00430896864567
70	cxUniform	0.125	8	1.93872016016	0.00543507146776
70	cxUniform	0.15	2	1.94678839721	0.00585390224391
70	cxUniform	0.15	4	1.94246593387	0.00597040318506
70	cxUniform	0.15	6	1.94262164562	0.00338426919064
70	cxUniform	0.15	8	1.94059492675	0.00626113847078
70	cxUniform	0.175	2	1.94829299872	0.00274952238874
70	cxUniform	0.175	4	1.94489212111	0.00129776645529
70	cxUniform	0.175	6	1.94311857196	0.00355009030575
70	cxUniform	0.175	8	1.93564218298	0.00559501231934
70	cxUniform	0.2	2	1.94663830999	0.00369319824103
70	cxUniform	0.2	4	1.94605451961	0.00380310417759
70	cxUniform	0.2	6	1.94387833826	0.00297586594498
70	cxUniform	0.2	8	1.94367678086	0.00439299953409
80	cxOnePoint	0.05	2	1.92851264146	0.00517908239118
80	cxOnePoint	0.05	4	1.92907187569	0.00647334610604
80	cxOnePoint	0.05	6	1.92940516993	0.00574283151298
80	cxOnePoint	0.05	8	1.92733353126	0.00651291667282
80	cxOnePoint	0.075	2	1.93197968065	0.00649417837432
80	cxOnePoint	0.075	4	1.92911218204	0.00503487991466
80	cxOnePoint	0.075	6	1.93478475909	0.00518079294974
80	cxOnePoint	0.075	8	1.92929605515	0.00746673663564
80	cxOnePoint	0.1	2	1.9360341193	0.0069014786342
80	cxOnePoint	0.1	4	1.93181050381	0.0026543805673
80	cxOnePoint	0.1	6	1.92789424893	0.00374708489398
80	cxOnePoint	0.1	8	1.93295511802	0.00544229953241
80	cxOnePoint	0.125	2	1.93279734401	0.00460927327648
80	cxOnePoint	0.125	4	1.93542233772	0.00541762210514
80	cxOnePoint	0.125	6	1.93144556853	0.00374131897566
80	cxOnePoint	0.125	8	1.92583593406	0.0057295791397
80	cxOnePoint	0.15	2	1.93811792993	0.00716675836796
80	cxOnePoint	0.15	4	1.92512518856	0.00857206390958
80	cxOnePoint	0.15	6	1.93145643349	0.00618841871994
80	cxOnePoint	0.15	8	1.93421872447	0.00800645190737
80	cxOnePoint	0.175	2	1.9340692303	0.00544535620522
80	cxOnePoint	0.175	4	1.93317828594	0.00609119174067
80	cxOnePoint	0.175	6	1.93213804418	0.00333479398756
80	cxOnePoint	0.175	8	1.93462086755	0.00729155189024
80	cxOnePoint	0.2	2	1.93806767317	0.00749014669478
80	cxOnePoint	0.2	4	1.93291273813	0.00518779298305
80	cxOnePoint	0.2	6	1.93629177902	0.00691391168101
80	cxOnePoint	0.2	8	1.93170758181	0.00309941005868
80	cxTwoPoint	0.05	2	1.93354908475	0.0017667775903
80	cxTwoPoint	0.05	4	1.92810089226	0.00535488057259
80	cxTwoPoint	0.05	6	1.92357290765	0.00474264782094
80	cxTwoPoint	0.05	8	1.93238307045	0.00680847188688
80	cxTwoPoint	0.075	2	1.93254129417	0.001531096404
80	cxTwoPoint	0.075	4	1.93266186213	0.00552278380427
80	cxTwoPoint	0.075	6	1.93035646954	0.00397526654528
80	cxTwoPoint	0.075	8	1.93074083724	0.0028371751478
80	cxTwoPoint	0.1	2	1.93483137429	0.00543871089923
80	cxTwoPoint	0.1	4	1.93051117753	0.00589567887268
80	cxTwoPoint	0.1	6	1.93441897846	0.00981436055606
80	cxTwoPoint	0.1	8	1.92865870001	0.00481820528446
80	cxTwoPoint	0.125	2	1.93570400802	0.00268441261909
80	cxTwoPoint	0.125	4	1.93160374157	0.00354005778798
80	cxTwoPoint	0.125	6	1.93039652888	0.0030445362622
80	cxTwoPoint	0.125	8	1.93152064272	0.0066139594675
80	cxTwoPoint	0.15	2	1.93795662383	0.00646092874349
80	cxTwoPoint	0.15	4	1.93486099345	0.00879355050603
80	cxTwoPoint	0.15	6	1.93161079624	0.00536828562945
80	cxTwoPoint	0.15	8	1.92560683351	0.00380144479673
80	cxTwoPoint	0.175	2	1.93817071121	0.00622367278707
80	cxTwoPoint	0.175	4	1.93466624929	0.0026829793051
80	cxTwoPoint	0.175	6	1.93791839676	0.0042600690602
80	cxTwoPoint	0.175	8	1.93420705961	0.00546963178489
80	cxTwoPoint	0.2	2	1.93847231028	0.00558672765749
80	cxTwoPoint	0.2	4	1.93300730543	0.00301737465687
80	cxTwoPoint	0.2	6	1.93363521112	0.00911103251946
80	cxTwoPoint	0.2	8	1.93688847487	0.00514222908956
80	cxUniform	0.05	2	1.94044837515	0.0032962778254
80	cxUniform	0.05	4	1.9352877444	0.0014975543594
80	cxUniform	0.05	6	1.93669296134	0.00391145300405
80	cxUniform	0.05	8	1.93518008508	0.00386326032124
80	cxUniform	0.075	2	1.94491663287	0.00270368932946
80	cxUniform	0.075	4	1.94140907627	0.00355758258285
80	cxUniform	0.075	6	1.93953507225	0.00356870340242
80	cxUniform	0.075	8	1.93356283565	0.00659648160037
80	cxUniform	0.1	2	1.94415548534	0.00213432639536
80	cxUniform	0.1	4	1.94129892463	0.00663046277809
80	cxUniform	0.1	6	1.94275858535	0.00418885506733
80	cxUniform	0.1	8	1.93701145676	0.00433016334541
80	cxUniform	0.125	2	1.94193385094	0.00271961199385
80	cxUniform	0.125	4	1.94178721991	0.00148336195315
80	cxUniform	0.125	6	1.93973533956	0.00458623525576
80	cxUniform	0.125	8	1.93457737031	0.00345895932005
80	cxUniform	0.15	2	1.94730679291	0.00202637676268
80	cxUniform	0.15	4	1.94319460349	0.00317148909663
80	cxUniform	0.15	6	1.94183877949	0.00319662321238
80	cxUniform	0.15	8	1.93376484826	0.00726734144253
80	cxUniform	0.175	2	1.94680020261	0.000565809296708
80	cxUniform	0.175	4	1.94339110547	0.00493002871448
80	cxUniform	0.175	6	1.93945025763	0.00358906236556
80	cxUniform	0.175	8	1.93592961942	0.00241785350933
80	cxUniform	0.2	2	1.94315147982	0.0059007220643
80	cxUniform	0.2	4	1.9441348975	0.00411847346673
80	cxUniform	0.2	6	1.93474198401	0.00573391915646
80	cxUniform	0.2	8	1.93852151349	0.00769727528876
90	cxOnePoint	0.05	2	1.92802039446	0.00593667690588
90	cxOnePoint	0.05	4	1.92313482103	0.00768810075692
90	cxOnePoint	0.05	6	1.92338148701	0.0117824397345
90	cxOnePoint	0.05	8	1.92253439291	0.00355304398684
90	cxOnePoint	0.075	2	1.92559550932	0.00210668838242
90	cxOnePoint	0.075	4	1.9245079308	0.00579217483187
90	cxOnePoint	0.075	6	1.92706915823	0.00622147854655
90	cxOnePoint	0.075	8	1.93083096109	0.00318690399441
90	cxOnePoint	0.1	2	1.92664602954	0.00604544650866
90	cxOnePoint	0.1	4	1.92582031046	0.00435506456981
90	cxOnePoint	0.1	6	1.92728894206	0.00502644875342
90	cxOnePoint	0.1	8	1.92988147475	0.00820051118435
90	cxOnePoint	0.125	2	1.9341973197	0.00615588067391
90	cxOnePoint	0.125	4	1.92381757133	0.00268407628562
90	cxOnePoint	0.125	6	1.92775134094	0.0057694973111
90	cxOnePoint	0.125	8	1.93262385698	0.00589498129765
90	cxOnePoint	0.15	2	1.93000025816	0.00398639958643
90	cxOnePoint	0.15	4	1.9295087715	0.00295241889025
90	cxOnePoint	0.15	6	1.9277140369	0.00625824292619
90	cxOnePoint	0.15	8	1.92715205272	0.0110622398587
90	cxOnePoint	0.175	2	1.93543963358	0.00695651394105
90	cxOnePoint	0.175	4	1.93386394135	0.00513346850004
90	cxOnePoint	0.175	6	1.93152554128	0.00728325532269
90	cxOnePoint	0.175	8	1.92997701479	0.00397233882244
90	cxOnePoint	0.2	2	1.93377096569	0.00423992375629
90	cxOnePoint	0.2	4	1.92874877276	0.00128345587527
90	cxOnePoint	0.2	6	1.93160463425	0.00525833880678
90	cxOnePoint	0.2	8	1.93192756286	0.00423774607441
90	cxTwoPoint	0.05	2	1.93085733775	0.00399748799733
90	cxTwoPoint	0.05	4	1.92715983379	0.00399941438644
90	cxTwoPoint	0.05	6	1.93285222046	0.0056907909652
90	cxTwoPoint	0.05	8	1.92659220899	0.0039955621177
90	cxTwoPoint	0.075	2	1.9322194462	0.00448088572555
90	cxTwoPoint	0.075	4	1.93002207813	0.00460076277049
90	cxTwoPoint	0.075	6	1.9270609218	0.010323147457
90	cxTwoPoint	0.075	8	1.9274339469	0.00457819763741
90	cxTwoPoint	0.1	2	1.93666709131	0.00554068160926
90	cxTwoPoint	0.1	4	1.92885784323	0.00630672326314
90	cxTwoPoint	0.1	6	1.9291431203	0.00477416740957
90	cxTwoPoint	0.1	8	1.92832644136	0.00481334714309
90	cxTwoPoint	0.125	2	1.9384499359	0.00472019642978
90	cxTwoPoint	0.125	4	1.93122064835	0.00829248611398
90	cxTwoPoint	0.125	6	1.93067822482	0.0040734855107
90	cxTwoPoint	0.125	8	1.92788711923	0.00779735015284
90	cxTwoPoint	0.15	2	1.9362166484	0.00587054432274
90	cxTwoPoint	0.15	4	1.92874197209	0.00396024177901
90	cxTwoPoint	0.15	6	1.92974226732	0.00547920710556
90	cxTwoPoint	0.15	8	1.92646251782	0.00469199417041
90	cxTwoPoint	0.175	2	1.93599758024	0.00530021064058
90	cxTwoPoint	0.175	4	1.93373959324	0.00977772979524
90	cxTwoPoint	0.175	6	1.93147039582	0.00351499417458
90	cxTwoPoint	0.175	8	1.93051551319	0.00670382455938
90	cxTwoPoint	0.2	2	1.93363607582	0.00403130127561
90	cxTwoPoint	0.2	4	1.93259797043	0.00669576452888
90	cxTwoPoint	0.2	6	1.92988119033	0.0078181126024
90	cxTwoPoint	0.2	8	1.93299944117	0.00608734445919
90	cxUniform	0.05	2	1.93608428334	0.00355813577052
90	cxUniform	0.05	4	1.93091765803	0.00201292227221
90	cxUniform	0.05	6	1.93062374057	0.00750416775167
90	cxUniform	0.05	8	1.92891355723	0.00572804556271
90	cxUniform	0.075	2	1.9344600517	0.00543147624353
90	cxUniform	0.075	4	1.93441346256	0.00236455601818
90	cxUniform	0.075	6	1.92795204396	0.0027144535846
90	cxUniform	0.075	8	1.93326465767	0.00425834231743
90	cxUniform	0.1	2	1.93774184948	0.00608494284208
90	cxUniform	0.1	4	1.93580759012	0.0064850842159
90	cxUniform	0.1	6	1.93236825456	0.00452517508766
90	cxUniform	0.1	8	1.92764765076	0.00423091038965
90	cxUniform	0.125	2	1.942416727	0.00410765198608
90	cxUniform	0.125	4	1.93343642335	0.00290384819493
90	cxUniform	0.125	6	1.92938753743	0.0070684249071
90	cxUniform	0.125	8	1.92911056351	0.00312781478249
90	cxUniform	0.15	2	1.9416054599	0.00334612303078
90	cxUniform	0.15	4	1.93489565016	0.0043686071491
90	cxUniform	0.15	6	1.93885696564	0.00614516669729
90	cxUniform	0.15	8	1.93570888546	0.00521438658915
90	cxUniform	0.175	2	1.94178408186	0.00368974140586
90	cxUniform	0.175	4	1.93798758698	0.00390528395905
90	cxUniform	0.175	6	1.9365291291	0.00610813967424
90	cxUniform	0.175	8	1.93138228686	0.00795673358406
90	cxUniform	0.2	2	1.93567086119	0.00389194171913
90	cxUniform	0.2	4	1.94019824513	0.00814781881345
90	cxUniform	0.2	6	1.93307522214	0.00407051994216
90	cxUniform	0.2	8	1.93159278545	0.00575024096742
