mean_1	cx	mut_pb	t_size	max_val
10	cxOnePoint	0.05	2	1.9359367554090117
10	cxOnePoint	0.05	4	1.932531279761416
10	cxOnePoint	0.05	6	1.9351593007859265
10	cxOnePoint	0.05	8	1.9351478100132444
10	cxOnePoint	0.075	2	1.9433542699967796
10	cxOnePoint	0.075	4	1.935164969530548
10	cxOnePoint	0.075	6	1.9364707726906236
10	cxOnePoint	0.075	8	1.937533977571856
10	cxOnePoint	0.1	2	1.9434035151734723
10	cxOnePoint	0.1	4	1.943450912578616
10	cxOnePoint	0.1	6	1.9393932440506323
10	cxOnePoint	0.1	8	1.9367241496789855
10	cxOnePoint	0.125	2	1.9406393719636896
10	cxOnePoint	0.125	4	1.9395290234425824
10	cxOnePoint	0.125	6	1.9486068760984288
10	cxOnePoint	0.125	8	1.9369423778345782
10	cxOnePoint	0.15	2	1.9382850509403908
10	cxOnePoint	0.15	4	1.9387248954340348
10	cxOnePoint	0.15	6	1.939306605172285
10	cxOnePoint	0.15	8	1.93455335140658
10	cxOnePoint	0.175	2	1.9398061837033624
10	cxOnePoint	0.175	4	1.942210503776952
10	cxOnePoint	0.175	6	1.937844910692056
10	cxOnePoint	0.175	8	1.9389538113200349
10	cxOnePoint	0.2	2	1.9494469903541725
10	cxOnePoint	0.2	4	1.9391786539417848
10	cxOnePoint	0.2	6	1.9419071222933528
10	cxOnePoint	0.2	8	1.937580703829995
10	cxOnePoint	0.25	2	1.948352177916837
10	cxOnePoint	0.25	4	1.9454353944511145
10	cxOnePoint	0.25	6	1.9455189134135344
10	cxOnePoint	0.25	8	1.9469160830965797
10	cxOnePoint	0.3	2	1.9417406314365941
10	cxOnePoint	0.3	4	1.9369369352161687
10	cxOnePoint	0.3	6	1.9527478853941933
10	cxOnePoint	0.3	8	1.9440579247235144
10	cxTwoPoint	0.05	2	1.9372663334180864
10	cxTwoPoint	0.05	4	1.938778715973868
10	cxTwoPoint	0.05	6	1.9317479068398058
10	cxTwoPoint	0.05	8	1.9387431206538919
10	cxTwoPoint	0.075	2	1.941846740880964
10	cxTwoPoint	0.075	4	1.9392097214401276
10	cxTwoPoint	0.075	6	1.9400770160713023
10	cxTwoPoint	0.075	8	1.93374670175161
10	cxTwoPoint	0.1	2	1.9490330813684276
10	cxTwoPoint	0.1	4	1.9422134090007297
10	cxTwoPoint	0.1	6	1.9363922516958982
10	cxTwoPoint	0.1	8	1.9432978043672933
10	cxTwoPoint	0.125	2	1.9423511097025308
10	cxTwoPoint	0.125	4	1.9390293755564396
10	cxTwoPoint	0.125	6	1.935798047302124
10	cxTwoPoint	0.125	8	1.9449676643242515
10	cxTwoPoint	0.15	2	1.9431165769822265
10	cxTwoPoint	0.15	4	1.9396706239302195
10	cxTwoPoint	0.15	6	1.9385976245892442
10	cxTwoPoint	0.15	8	1.9398294587799552
10	cxTwoPoint	0.175	2	1.9410319817646156
10	cxTwoPoint	0.175	4	1.949879218454353
10	cxTwoPoint	0.175	6	1.9414990404163088
10	cxTwoPoint	0.175	8	1.940267271877492
10	cxTwoPoint	0.2	2	1.9465991085293648
10	cxTwoPoint	0.2	4	1.9411039899962188
10	cxTwoPoint	0.2	6	1.94280727334182
10	cxTwoPoint	0.2	8	1.9389344605204208
10	cxTwoPoint	0.25	2	1.9403144275515307
10	cxTwoPoint	0.25	4	1.9417423354729584
10	cxTwoPoint	0.25	6	1.9498539434280608
10	cxTwoPoint	0.25	8	1.9422999746685323
10	cxTwoPoint	0.3	2	1.9435397376906285
10	cxTwoPoint	0.3	4	1.9416222940885643
10	cxTwoPoint	0.3	6	1.9454532965544864
10	cxTwoPoint	0.3	8	1.9465718667726255
10	cxUniform	0.05	2	1.9443414696755223
10	cxUniform	0.05	4	1.9458423981864488
10	cxUniform	0.05	6	1.9473597050942264
10	cxUniform	0.05	8	1.938573628260003
10	cxUniform	0.075	2	1.9485159324119796
10	cxUniform	0.075	4	1.9417858614063164
10	cxUniform	0.075	6	1.939251298145456
10	cxUniform	0.075	8	1.9395275109062955
10	cxUniform	0.1	2	1.9508310561275457
10	cxUniform	0.1	4	1.95054454611184
10	cxUniform	0.1	6	1.9505545964176798
10	cxUniform	0.1	8	1.945584124538133
10	cxUniform	0.125	2	1.9517417720186163
10	cxUniform	0.125	4	1.9497522285165747
10	cxUniform	0.125	6	1.9488813683366464
10	cxUniform	0.125	8	1.9469480521033569
10	cxUniform	0.15	2	1.9497578473426258
10	cxUniform	0.15	4	1.9491310552962624
10	cxUniform	0.15	6	1.9419189489728532
10	cxUniform	0.15	8	1.9375219165436182
10	cxUniform	0.175	2	1.951043588649559
10	cxUniform	0.175	4	1.949021853793476
10	cxUniform	0.175	6	1.947744222456604
10	cxUniform	0.175	8	1.948669776092793
10	cxUniform	0.2	2	1.9533862230590782
10	cxUniform	0.2	4	1.9505837986858072
10	cxUniform	0.2	6	1.9412942571174003
10	cxUniform	0.2	8	1.9425416095093544
10	cxUniform	0.25	2	1.9497195580561688
10	cxUniform	0.25	4	1.9471522164710855
10	cxUniform	0.25	6	1.9403841391785148
10	cxUniform	0.25	8	1.9455895047456448
10	cxUniform	0.3	2	1.9515592241905604
10	cxUniform	0.3	4	1.9532543662970472
10	cxUniform	0.3	6	1.9426986606967869
10	cxUniform	0.3	8	1.9497508642295256
20	cxOnePoint	0.05	2	1.9375554585182169
20	cxOnePoint	0.05	4	1.9388255093703712
20	cxOnePoint	0.05	6	1.934582098409304
20	cxOnePoint	0.05	8	1.944300164076125
20	cxOnePoint	0.075	2	1.9490333044003227
20	cxOnePoint	0.075	4	1.9437361220457492
20	cxOnePoint	0.075	6	1.941992258916952
20	cxOnePoint	0.075	8	1.9375015992082971
20	cxOnePoint	0.1	2	1.9390215389744767
20	cxOnePoint	0.1	4	1.9382431904692548
20	cxOnePoint	0.1	6	1.947556649081036
20	cxOnePoint	0.1	8	1.9402788961105928
20	cxOnePoint	0.125	2	1.9370828792624248
20	cxOnePoint	0.125	4	1.9438206213002407
20	cxOnePoint	0.125	6	1.940959855363236
20	cxOnePoint	0.125	8	1.9387807214004562
20	cxOnePoint	0.15	2	1.948679833590997
20	cxOnePoint	0.15	4	1.943037752234292
20	cxOnePoint	0.15	6	1.9491681462881263
20	cxOnePoint	0.15	8	1.9398221606141248
20	cxOnePoint	0.175	2	1.941299924591931
20	cxOnePoint	0.175	4	1.9436701758408084
20	cxOnePoint	0.175	6	1.9434013935973773
20	cxOnePoint	0.175	8	1.9486886408201227
20	cxOnePoint	0.2	2	1.9516400955403648
20	cxOnePoint	0.2	4	1.937366338109047
20	cxOnePoint	0.2	6	1.9420643251087064
20	cxOnePoint	0.2	8	1.9420563534571276
20	cxOnePoint	0.25	2	1.953389810333176
20	cxOnePoint	0.25	4	1.9444219955510769
20	cxOnePoint	0.25	6	1.9492484704360515
20	cxOnePoint	0.25	8	1.9382814517811882
20	cxOnePoint	0.3	2	1.9468560662568224
20	cxOnePoint	0.3	4	1.946026730685212
20	cxOnePoint	0.3	6	1.9408868300787068
20	cxOnePoint	0.3	8	1.949043691029516
20	cxTwoPoint	0.05	2	1.9465505934747849
20	cxTwoPoint	0.05	4	1.9490224609444424
20	cxTwoPoint	0.05	6	1.944803249984001
20	cxTwoPoint	0.05	8	1.9338907703908736
20	cxTwoPoint	0.075	2	1.948308075341702
20	cxTwoPoint	0.075	4	1.9380354472448589
20	cxTwoPoint	0.075	6	1.9368499234103944
20	cxTwoPoint	0.075	8	1.9381704745180692
20	cxTwoPoint	0.1	2	1.9500816323235148
20	cxTwoPoint	0.1	4	1.9357142210837928
20	cxTwoPoint	0.1	6	1.9455173552448637
20	cxTwoPoint	0.1	8	1.9341649323624115
20	cxTwoPoint	0.125	2	1.943738767504144
20	cxTwoPoint	0.125	4	1.9377664965982615
20	cxTwoPoint	0.125	6	1.9391325428236057
20	cxTwoPoint	0.125	8	1.947346086467685
20	cxTwoPoint	0.15	2	1.9383316842333724
20	cxTwoPoint	0.15	4	1.9468470204293424
20	cxTwoPoint	0.15	6	1.940332629100425
20	cxTwoPoint	0.15	8	1.9358333057626496
20	cxTwoPoint	0.175	2	1.9484993587603128
20	cxTwoPoint	0.175	4	1.9405798714648077
20	cxTwoPoint	0.175	6	1.9397333339422416
20	cxTwoPoint	0.175	8	1.940148751419189
20	cxTwoPoint	0.2	2	1.9410553836512423
20	cxTwoPoint	0.2	4	1.949034237419364
20	cxTwoPoint	0.2	6	1.9461028031583691
20	cxTwoPoint	0.2	8	1.9382959530638064
20	cxTwoPoint	0.25	2	1.9458454022204064
20	cxTwoPoint	0.25	4	1.9397777653335808
20	cxTwoPoint	0.25	6	1.9378720290463043
20	cxTwoPoint	0.25	8	1.940809994100424
20	cxTwoPoint	0.3	2	1.9498866645549917
20	cxTwoPoint	0.3	4	1.944407490394514
20	cxTwoPoint	0.3	6	1.9376908779282052
20	cxTwoPoint	0.3	8	1.9505262062259323
20	cxUniform	0.05	2	1.9509082156363342
20	cxUniform	0.05	4	1.9488412818589
20	cxUniform	0.05	6	1.938941805637876
20	cxUniform	0.05	8	1.9441425523903357
20	cxUniform	0.075	2	1.9487088053418176
20	cxUniform	0.075	4	1.9486658607018252
20	cxUniform	0.075	6	1.9386437756089807
20	cxUniform	0.075	8	1.9444227246344867
20	cxUniform	0.1	2	1.9496066961418492
20	cxUniform	0.1	4	1.9473332430897201
20	cxUniform	0.1	6	1.95018666298857
20	cxUniform	0.1	8	1.9473927067168506
20	cxUniform	0.125	2	1.952064275769433
20	cxUniform	0.125	4	1.952385804810268
20	cxUniform	0.125	6	1.9486964444037331
20	cxUniform	0.125	8	1.950512375088796
20	cxUniform	0.15	2	1.9521226689792055
20	cxUniform	0.15	4	1.9502212022462275
20	cxUniform	0.15	6	1.9437880386668425
20	cxUniform	0.15	8	1.941103669313066
20	cxUniform	0.175	2	1.9491223482088418
20	cxUniform	0.175	4	1.9496447667867325
20	cxUniform	0.175	6	1.9499242757501918
20	cxUniform	0.175	8	1.9487497457927532
20	cxUniform	0.2	2	1.95053776807178
20	cxUniform	0.2	4	1.9501993207927677
20	cxUniform	0.2	6	1.9473476744116605
20	cxUniform	0.2	8	1.953261219001764
20	cxUniform	0.25	2	1.9507868562426365
20	cxUniform	0.25	4	1.9498517437435487
20	cxUniform	0.25	6	1.9510506266260497
20	cxUniform	0.25	8	1.9490586975079849
20	cxUniform	0.3	2	1.9529813633284523
20	cxUniform	0.3	4	1.9524287520742591
20	cxUniform	0.3	6	1.9491255171200923
20	cxUniform	0.3	8	1.9436902884963765
30	cxOnePoint	0.05	2	1.9459775853155818
30	cxOnePoint	0.05	4	1.9465795046732288
30	cxOnePoint	0.05	6	1.942764770794932
30	cxOnePoint	0.05	8	1.944322508578375
30	cxOnePoint	0.075	2	1.9457967880721327
30	cxOnePoint	0.075	4	1.9451736551403385
30	cxOnePoint	0.075	6	1.939308474372521
30	cxOnePoint	0.075	8	1.940890426076536
30	cxOnePoint	0.1	2	1.9515682006030104
30	cxOnePoint	0.1	4	1.9483846811129608
30	cxOnePoint	0.1	6	1.9433936248635533
30	cxOnePoint	0.1	8	1.941429038897306
30	cxOnePoint	0.125	2	1.9477107328741257
30	cxOnePoint	0.125	4	1.9458926673605648
30	cxOnePoint	0.125	6	1.9469794843431325
30	cxOnePoint	0.125	8	1.9390523372416282
30	cxOnePoint	0.15	2	1.9482381688720112
30	cxOnePoint	0.15	4	1.9466050428526267
30	cxOnePoint	0.15	6	1.9518727598433447
30	cxOnePoint	0.15	8	1.9505373712227447
30	cxOnePoint	0.175	2	1.9499699496835128
30	cxOnePoint	0.175	4	1.9437568097023767
30	cxOnePoint	0.175	6	1.9460945163857413
30	cxOnePoint	0.175	8	1.9361843482819467
30	cxOnePoint	0.2	2	1.9521238693681984
30	cxOnePoint	0.2	4	1.9497775642444688
30	cxOnePoint	0.2	6	1.943744553600291
30	cxOnePoint	0.2	8	1.9385840424532728
30	cxOnePoint	0.25	2	1.947469862030028
30	cxOnePoint	0.25	4	1.9499671492825308
30	cxOnePoint	0.25	6	1.9393600927084336
30	cxOnePoint	0.25	8	1.943614607248633
30	cxOnePoint	0.3	2	1.9428617510053807
30	cxOnePoint	0.3	4	1.9437980177452792
30	cxOnePoint	0.3	6	1.9523789822000053
30	cxOnePoint	0.3	8	1.9447603751643097
30	cxTwoPoint	0.05	2	1.9493972440609129
30	cxTwoPoint	0.05	4	1.94224349525662
30	cxTwoPoint	0.05	6	1.9509224393112707
30	cxTwoPoint	0.05	8	1.9410000721157492
30	cxTwoPoint	0.075	2	1.9463992467683549
30	cxTwoPoint	0.075	4	1.9416928264251312
30	cxTwoPoint	0.075	6	1.950667656194428
30	cxTwoPoint	0.075	8	1.9485327762660611
30	cxTwoPoint	0.1	2	1.947485175111788
30	cxTwoPoint	0.1	4	1.9383253954313624
30	cxTwoPoint	0.1	6	1.9465730179789773
30	cxTwoPoint	0.1	8	1.9362436510460648
30	cxTwoPoint	0.125	2	1.9467087973791752
30	cxTwoPoint	0.125	4	1.9472054751975043
30	cxTwoPoint	0.125	6	1.9499945931155624
30	cxTwoPoint	0.125	8	1.9490245445911405
30	cxTwoPoint	0.15	2	1.953873882070572
30	cxTwoPoint	0.15	4	1.9418799047359727
30	cxTwoPoint	0.15	6	1.941257659070932
30	cxTwoPoint	0.15	8	1.9495634909332902
30	cxTwoPoint	0.175	2	1.9421146579869788
30	cxTwoPoint	0.175	4	1.9472894007626076
30	cxTwoPoint	0.175	6	1.948688079792129
30	cxTwoPoint	0.175	8	1.9362686114386
30	cxTwoPoint	0.2	2	1.9479838648390464
30	cxTwoPoint	0.2	4	1.944949838190847
30	cxTwoPoint	0.2	6	1.9470616198154176
30	cxTwoPoint	0.2	8	1.9474389091018105
30	cxTwoPoint	0.25	2	1.9488537071395136
30	cxTwoPoint	0.25	4	1.9497440815478129
30	cxTwoPoint	0.25	6	1.9460391726824935
30	cxTwoPoint	0.25	8	1.947404178772517
30	cxTwoPoint	0.3	2	1.9517707631537495
30	cxTwoPoint	0.3	4	1.9467612447355134
30	cxTwoPoint	0.3	6	1.9387686732027196
30	cxTwoPoint	0.3	8	1.9448516819555568
30	cxUniform	0.05	2	1.9501922030969168
30	cxUniform	0.05	4	1.9512117342337256
30	cxUniform	0.05	6	1.9516885819572665
30	cxUniform	0.05	8	1.9501838027709597
30	cxUniform	0.075	2	1.9523675564288456
30	cxUniform	0.075	4	1.9505749594331403
30	cxUniform	0.075	6	1.9523391380513213
30	cxUniform	0.075	8	1.9422675236719331
30	cxUniform	0.1	2	1.948153476145713
30	cxUniform	0.1	4	1.9505437243571275
30	cxUniform	0.1	6	1.951609480131752
30	cxUniform	0.1	8	1.949324868539396
30	cxUniform	0.125	2	1.9528961093980868
30	cxUniform	0.125	4	1.9526256373145927
30	cxUniform	0.125	6	1.9508528785147643
30	cxUniform	0.125	8	1.9431899603528489
30	cxUniform	0.15	2	1.9501594914469529
30	cxUniform	0.15	4	1.9525578344341208
30	cxUniform	0.15	6	1.95367671170861
30	cxUniform	0.15	8	1.9487040817078012
30	cxUniform	0.175	2	1.9525272769448088
30	cxUniform	0.175	4	1.951439784052088
30	cxUniform	0.175	6	1.9521766969097143
30	cxUniform	0.175	8	1.9528900417752744
30	cxUniform	0.2	2	1.9517715653868009
30	cxUniform	0.2	4	1.9422170956754992
30	cxUniform	0.2	6	1.9475494914931355
30	cxUniform	0.2	8	1.9500324464868597
30	cxUniform	0.25	2	1.9511553736213283
30	cxUniform	0.25	4	1.951797456379888
30	cxUniform	0.25	6	1.9515531429255668
30	cxUniform	0.25	8	1.9495678764745457
30	cxUniform	0.3	2	1.9529126426024532
30	cxUniform	0.3	4	1.95055536972697
30	cxUniform	0.3	6	1.9495318666289032
30	cxUniform	0.3	8	1.9419805665809995
40	cxOnePoint	0.05	2	1.9468336467391445
40	cxOnePoint	0.05	4	1.9345839100466449
40	cxOnePoint	0.05	6	1.9442944416507515
40	cxOnePoint	0.05	8	1.9417287370934833
40	cxOnePoint	0.075	2	1.9498530256253548
40	cxOnePoint	0.075	4	1.9426872166764124
40	cxOnePoint	0.075	6	1.9424983447057176
40	cxOnePoint	0.075	8	1.949929781488917
40	cxOnePoint	0.1	2	1.9475268256786185
40	cxOnePoint	0.1	4	1.9439968552647489
40	cxOnePoint	0.1	6	1.9402228406016953
40	cxOnePoint	0.1	8	1.9455289357304677
40	cxOnePoint	0.125	2	1.946195906485356
40	cxOnePoint	0.125	4	1.948983457289428
40	cxOnePoint	0.125	6	1.9394134049600058
40	cxOnePoint	0.125	8	1.9473849502282043
40	cxOnePoint	0.15	2	1.949811886614461
40	cxOnePoint	0.15	4	1.9482818590760982
40	cxOnePoint	0.15	6	1.9434034118047898
40	cxOnePoint	0.15	8	1.9497475518145344
40	cxOnePoint	0.175	2	1.9485274071795724
40	cxOnePoint	0.175	4	1.9495549125247664
40	cxOnePoint	0.175	6	1.9334205608006585
40	cxOnePoint	0.175	8	1.9349270748281624
40	cxOnePoint	0.2	2	1.9471179740777835
40	cxOnePoint	0.2	4	1.950336488742826
40	cxOnePoint	0.2	6	1.9472457175250928
40	cxOnePoint	0.2	8	1.9512705458211699
40	cxOnePoint	0.25	2	1.947707408797453
40	cxOnePoint	0.25	4	1.9463424568695973
40	cxOnePoint	0.25	6	1.9481867100626642
40	cxOnePoint	0.25	8	1.9373666153124143
40	cxOnePoint	0.3	2	1.9508327801657024
40	cxOnePoint	0.3	4	1.951472133817936
40	cxOnePoint	0.3	6	1.9464306148431287
40	cxOnePoint	0.3	8	1.9455586717857896
40	cxTwoPoint	0.05	2	1.9458531124488931
40	cxTwoPoint	0.05	4	1.9491121177579585
40	cxTwoPoint	0.05	6	1.946225457321044
40	cxTwoPoint	0.05	8	1.9397799396779039
40	cxTwoPoint	0.075	2	1.9507036558237485
40	cxTwoPoint	0.075	4	1.9393327054759624
40	cxTwoPoint	0.075	6	1.9483266174442928
40	cxTwoPoint	0.075	8	1.9465876079578048
40	cxTwoPoint	0.1	2	1.9466691422806863
40	cxTwoPoint	0.1	4	1.9466172897530416
40	cxTwoPoint	0.1	6	1.9424446087156564
40	cxTwoPoint	0.1	8	1.9398379676641693
40	cxTwoPoint	0.125	2	1.9497394780919588
40	cxTwoPoint	0.125	4	1.9489706589626292
40	cxTwoPoint	0.125	6	1.9466983345203033
40	cxTwoPoint	0.125	8	1.9431327508301983
40	cxTwoPoint	0.15	2	1.948495116256229
40	cxTwoPoint	0.15	4	1.9478097936410963
40	cxTwoPoint	0.15	6	1.9371129083340517
40	cxTwoPoint	0.15	8	1.9436790865763105
40	cxTwoPoint	0.175	2	1.950592207443908
40	cxTwoPoint	0.175	4	1.9465777772291912
40	cxTwoPoint	0.175	6	1.9494080807946468
40	cxTwoPoint	0.175	8	1.9368184846667589
40	cxTwoPoint	0.2	2	1.948139440299374
40	cxTwoPoint	0.2	4	1.9467641428802698
40	cxTwoPoint	0.2	6	1.9406670747855843
40	cxTwoPoint	0.2	8	1.9460726310458236
40	cxTwoPoint	0.25	2	1.9448037917469243
40	cxTwoPoint	0.25	4	1.950744595233972
40	cxTwoPoint	0.25	6	1.948207680651929
40	cxTwoPoint	0.25	8	1.946801093427951
40	cxTwoPoint	0.3	2	1.9506534744821389
40	cxTwoPoint	0.3	4	1.9472595777949264
40	cxTwoPoint	0.3	6	1.9487995207971676
40	cxTwoPoint	0.3	8	1.9487248233267185
40	cxUniform	0.05	2	1.9515821653540688
40	cxUniform	0.05	4	1.94902987838559
40	cxUniform	0.05	6	1.9461189881820509
40	cxUniform	0.05	8	1.9467393610781167
40	cxUniform	0.075	2	1.950735326209976
40	cxUniform	0.075	4	1.951335397724894
40	cxUniform	0.075	6	1.9495018348399715
40	cxUniform	0.075	8	1.9482335316084147
40	cxUniform	0.1	2	1.9526469954789443
40	cxUniform	0.1	4	1.9488102504493885
40	cxUniform	0.1	6	1.9507802509705368
40	cxUniform	0.1	8	1.9460437859386717
40	cxUniform	0.125	2	1.9500620430829572
40	cxUniform	0.125	4	1.9491311363138997
40	cxUniform	0.125	6	1.950407501971244
40	cxUniform	0.125	8	1.946316275229664
40	cxUniform	0.15	2	1.9507444648921581
40	cxUniform	0.15	4	1.9519123877953648
40	cxUniform	0.15	6	1.9501604237912031
40	cxUniform	0.15	8	1.9504759608998885
40	cxUniform	0.175	2	1.951399957626424
40	cxUniform	0.175	4	1.9510833834689965
40	cxUniform	0.175	6	1.9498656782716195
40	cxUniform	0.175	8	1.9473704593030496
40	cxUniform	0.2	2	1.9507493435723635
40	cxUniform	0.2	4	1.9506869709510248
40	cxUniform	0.2	6	1.9480574818549217
40	cxUniform	0.2	8	1.9508169617533249
40	cxUniform	0.25	2	1.9514035131357048
40	cxUniform	0.25	4	1.950934461309686
40	cxUniform	0.25	6	1.9495918310118312
40	cxUniform	0.25	8	1.9502942132815817
40	cxUniform	0.3	2	1.9510651041909512
40	cxUniform	0.3	4	1.9499350742124144
40	cxUniform	0.3	6	1.947577078931996
40	cxUniform	0.3	8	1.9470442963086687
50	cxOnePoint	0.05	2	1.9471002926950665
50	cxOnePoint	0.05	4	1.939246733655405
50	cxOnePoint	0.05	6	1.9448981643763965
50	cxOnePoint	0.05	8	1.9368480474320295
50	cxOnePoint	0.075	2	1.9412126017746432
50	cxOnePoint	0.075	4	1.9366180298321185
50	cxOnePoint	0.075	6	1.940799294142423
50	cxOnePoint	0.075	8	1.941905198793661
50	cxOnePoint	0.1	2	1.9486721135497624
50	cxOnePoint	0.1	4	1.9443065090723632
50	cxOnePoint	0.1	6	1.9485074611523692
50	cxOnePoint	0.1	8	1.9423714153515876
50	cxOnePoint	0.125	2	1.9432605162816297
50	cxOnePoint	0.125	4	1.9445928282401628
50	cxOnePoint	0.125	6	1.944457249216252
50	cxOnePoint	0.125	8	1.9422737007053603
50	cxOnePoint	0.15	2	1.9498401513526025
50	cxOnePoint	0.15	4	1.9462340595963623
50	cxOnePoint	0.15	6	1.939266926465235
50	cxOnePoint	0.15	8	1.935339280074143
50	cxOnePoint	0.175	2	1.943792340587897
50	cxOnePoint	0.175	4	1.9500882107034891
50	cxOnePoint	0.175	6	1.947069636787692
50	cxOnePoint	0.175	8	1.94564070363146
50	cxOnePoint	0.2	2	1.9507104046273391
50	cxOnePoint	0.2	4	1.9507097473634953
50	cxOnePoint	0.2	6	1.9490726589644287
50	cxOnePoint	0.2	8	1.9460399381248952
50	cxOnePoint	0.25	2	1.949220474936356
50	cxOnePoint	0.25	4	1.943662242235493
50	cxOnePoint	0.25	6	1.9466886958069518
50	cxOnePoint	0.25	8	1.94148931670683
50	cxOnePoint	0.3	2	1.949651035180356
50	cxOnePoint	0.3	4	1.950668076009386
50	cxOnePoint	0.3	6	1.9478246210073624
50	cxOnePoint	0.3	8	1.946542157260969
50	cxTwoPoint	0.05	2	1.945602595251397
50	cxTwoPoint	0.05	4	1.9438970531515176
50	cxTwoPoint	0.05	6	1.9408894879403131
50	cxTwoPoint	0.05	8	1.9444229111008835
50	cxTwoPoint	0.075	2	1.950134353637169
50	cxTwoPoint	0.075	4	1.9488196396404829
50	cxTwoPoint	0.075	6	1.9403125847599896
50	cxTwoPoint	0.075	8	1.9457094540528737
50	cxTwoPoint	0.1	2	1.9468399932548732
50	cxTwoPoint	0.1	4	1.944182393902824
50	cxTwoPoint	0.1	6	1.9420426856466224
50	cxTwoPoint	0.1	8	1.9465815953261736
50	cxTwoPoint	0.125	2	1.9491422537030605
50	cxTwoPoint	0.125	4	1.947443569315369
50	cxTwoPoint	0.125	6	1.9412824708724132
50	cxTwoPoint	0.125	8	1.9448689871017981
50	cxTwoPoint	0.15	2	1.9484304241640895
50	cxTwoPoint	0.15	4	1.942807091821456
50	cxTwoPoint	0.15	6	1.9483714497275089
50	cxTwoPoint	0.15	8	1.9470811606785727
50	cxTwoPoint	0.175	2	1.9500828776658576
50	cxTwoPoint	0.175	4	1.946614360926604
50	cxTwoPoint	0.175	6	1.9525420840331331
50	cxTwoPoint	0.175	8	1.947517831555085
50	cxTwoPoint	0.2	2	1.9497676012492864
50	cxTwoPoint	0.2	4	1.947031334553972
50	cxTwoPoint	0.2	6	1.94942473017056
50	cxTwoPoint	0.2	8	1.9448300866770456
50	cxTwoPoint	0.25	2	1.9514751035906124
50	cxTwoPoint	0.25	4	1.941100377856007
50	cxTwoPoint	0.25	6	1.9481852274629368
50	cxTwoPoint	0.25	8	1.9460808307161441
50	cxTwoPoint	0.3	2	1.949872492361299
50	cxTwoPoint	0.3	4	1.9419056791989928
50	cxTwoPoint	0.3	6	1.949218643061456
50	cxTwoPoint	0.3	8	1.9453678183976781
50	cxUniform	0.05	2	1.9517777604720583
50	cxUniform	0.05	4	1.9507851935634364
50	cxUniform	0.05	6	1.9498896409472617
50	cxUniform	0.05	8	1.951818719103516
50	cxUniform	0.075	2	1.9509341748894984
50	cxUniform	0.075	4	1.9500037857344081
50	cxUniform	0.075	6	1.9482896907594383
50	cxUniform	0.075	8	1.9490240751231909
50	cxUniform	0.1	2	1.9498818500387989
50	cxUniform	0.1	4	1.9504361502546284
50	cxUniform	0.1	6	1.9495257927189282
50	cxUniform	0.1	8	1.9480817392704552
50	cxUniform	0.125	2	1.9511740597506728
50	cxUniform	0.125	4	1.9516617432459933
50	cxUniform	0.125	6	1.9459731559730291
50	cxUniform	0.125	8	1.9489105490088112
50	cxUniform	0.15	2	1.9521647508539532
50	cxUniform	0.15	4	1.9493750108605203
50	cxUniform	0.15	6	1.950057866732993
50	cxUniform	0.15	8	1.950641632209928
50	cxUniform	0.175	2	1.950951535785238
50	cxUniform	0.175	4	1.9489665888320744
50	cxUniform	0.175	6	1.948797327238204
50	cxUniform	0.175	8	1.94959373150314
50	cxUniform	0.2	2	1.9509169748879296
50	cxUniform	0.2	4	1.950939075034376
50	cxUniform	0.2	6	1.9484623310804177
50	cxUniform	0.2	8	1.9465249050408209
50	cxUniform	0.25	2	1.9533067488562676
50	cxUniform	0.25	4	1.950209805151328
50	cxUniform	0.25	6	1.9501639316327344
50	cxUniform	0.25	8	1.946484947142124
50	cxUniform	0.3	2	1.9496148882288549
50	cxUniform	0.3	4	1.9497536369991029
50	cxUniform	0.3	6	1.9520825049563857
50	cxUniform	0.3	8	1.9505956046458428
60	cxOnePoint	0.05	2	1.9473009399958268
60	cxOnePoint	0.05	4	1.945417585618445
60	cxOnePoint	0.05	6	1.9370600249674668
60	cxOnePoint	0.05	8	1.934747946319034
60	cxOnePoint	0.075	2	1.9445437842429536
60	cxOnePoint	0.075	4	1.9478700704551084
60	cxOnePoint	0.075	6	1.9381297264031836
60	cxOnePoint	0.075	8	1.94492314259098
60	cxOnePoint	0.1	2	1.943923293686999
60	cxOnePoint	0.1	4	1.9463426658415333
60	cxOnePoint	0.1	6	1.9484947145622096
60	cxOnePoint	0.1	8	1.9427420723553532
60	cxOnePoint	0.125	2	1.9436039123702888
60	cxOnePoint	0.125	4	1.947224578409279
60	cxOnePoint	0.125	6	1.9442290304779568
60	cxOnePoint	0.125	8	1.9444478178540041
60	cxOnePoint	0.15	2	1.9449284637898696
60	cxOnePoint	0.15	4	1.9454805044966577
60	cxOnePoint	0.15	6	1.9433892969642417
60	cxOnePoint	0.15	8	1.944514506403976
60	cxOnePoint	0.175	2	1.9499291437111863
60	cxOnePoint	0.175	4	1.9453244156069367
60	cxOnePoint	0.175	6	1.9439585225876228
60	cxOnePoint	0.175	8	1.9382955981810277
60	cxOnePoint	0.2	2	1.9456269161929003
60	cxOnePoint	0.2	4	1.9457992178210584
60	cxOnePoint	0.2	6	1.943902090281188
60	cxOnePoint	0.2	8	1.9461422145617664
60	cxOnePoint	0.25	2	1.940101625954864
60	cxOnePoint	0.25	4	1.9467688455308287
60	cxOnePoint	0.25	6	1.9391865164907789
60	cxOnePoint	0.25	8	1.9491295519740508
60	cxOnePoint	0.3	2	1.9484344605708
60	cxOnePoint	0.3	4	1.9468634978911792
60	cxOnePoint	0.3	6	1.942438125035309
60	cxOnePoint	0.3	8	1.9441679301719272
60	cxTwoPoint	0.05	2	1.9463363740971256
60	cxTwoPoint	0.05	4	1.942248030353412
60	cxTwoPoint	0.05	6	1.9449606639682449
60	cxTwoPoint	0.05	8	1.93899686077782
60	cxTwoPoint	0.075	2	1.9451601526878888
60	cxTwoPoint	0.075	4	1.9442266843616844
60	cxTwoPoint	0.075	6	1.9472998864747209
60	cxTwoPoint	0.075	8	1.9366464700042645
60	cxTwoPoint	0.1	2	1.9451003501015207
60	cxTwoPoint	0.1	4	1.9423437509719508
60	cxTwoPoint	0.1	6	1.9458700351161728
60	cxTwoPoint	0.1	8	1.9448183076802807
60	cxTwoPoint	0.125	2	1.947072736380085
60	cxTwoPoint	0.125	4	1.9476645418538785
60	cxTwoPoint	0.125	6	1.9500897992625243
60	cxTwoPoint	0.125	8	1.9494067104091333
60	cxTwoPoint	0.15	2	1.9494514637295801
60	cxTwoPoint	0.15	4	1.943094412492176
60	cxTwoPoint	0.15	6	1.945848402070235
60	cxTwoPoint	0.15	8	1.9421817797830856
60	cxTwoPoint	0.175	2	1.946159450951512
60	cxTwoPoint	0.175	4	1.9405484797527368
60	cxTwoPoint	0.175	6	1.940983384836612
60	cxTwoPoint	0.175	8	1.9466385339237624
60	cxTwoPoint	0.2	2	1.9460443127568052
60	cxTwoPoint	0.2	4	1.9469568992360948
60	cxTwoPoint	0.2	6	1.9452891629599967
60	cxTwoPoint	0.2	8	1.9409418696694445
60	cxTwoPoint	0.25	2	1.9495220202567995
60	cxTwoPoint	0.25	4	1.9413395850406188
60	cxTwoPoint	0.25	6	1.9484293841228388
60	cxTwoPoint	0.25	8	1.9482720487398792
60	cxTwoPoint	0.3	2	1.949916762319018
60	cxTwoPoint	0.3	4	1.9502765460160656
60	cxTwoPoint	0.3	6	1.9443869340411104
60	cxTwoPoint	0.3	8	1.935472276329829
60	cxUniform	0.05	2	1.9500068444324985
60	cxUniform	0.05	4	1.9459744218066863
60	cxUniform	0.05	6	1.9474575197529065
60	cxUniform	0.05	8	1.9421715028016449
60	cxUniform	0.075	2	1.947606434398135
60	cxUniform	0.075	4	1.949797716334604
60	cxUniform	0.075	6	1.9450142018425705
60	cxUniform	0.075	8	1.947617418400097
60	cxUniform	0.1	2	1.949937281890584
60	cxUniform	0.1	4	1.9448009521148708
60	cxUniform	0.1	6	1.9467507586638135
60	cxUniform	0.1	8	1.9449859381271533
60	cxUniform	0.125	2	1.9492699395000457
60	cxUniform	0.125	4	1.9512594843834532
60	cxUniform	0.125	6	1.9479928265431592
60	cxUniform	0.125	8	1.94913050012602
60	cxUniform	0.15	2	1.9513722240245792
60	cxUniform	0.15	4	1.9489775022606648
60	cxUniform	0.15	6	1.94493510244974
60	cxUniform	0.15	8	1.9515947207657192
60	cxUniform	0.175	2	1.951966768073404
60	cxUniform	0.175	4	1.9494471939056055
60	cxUniform	0.175	6	1.948082485013745
60	cxUniform	0.175	8	1.9516274472877853
60	cxUniform	0.2	2	1.9515636370976843
60	cxUniform	0.2	4	1.9513147776569493
60	cxUniform	0.2	6	1.9477777233982367
60	cxUniform	0.2	8	1.9508071582345088
60	cxUniform	0.25	2	1.9502402822636185
60	cxUniform	0.25	4	1.9487291850423456
60	cxUniform	0.25	6	1.947959227458328
60	cxUniform	0.25	8	1.9459541208268216
60	cxUniform	0.3	2	1.952084290520892
60	cxUniform	0.3	4	1.9516235378740439
60	cxUniform	0.3	6	1.9500355685589397
60	cxUniform	0.3	8	1.9518911738195404
70	cxOnePoint	0.05	2	1.946297123283768
70	cxOnePoint	0.05	4	1.9405567670316761
70	cxOnePoint	0.05	6	1.934629788866444
70	cxOnePoint	0.05	8	1.9370431531164949
70	cxOnePoint	0.075	2	1.9484522172495269
70	cxOnePoint	0.075	4	1.9433845975521449
70	cxOnePoint	0.075	6	1.944398947626288
70	cxOnePoint	0.075	8	1.9355569571995908
70	cxOnePoint	0.1	2	1.940764412960584
70	cxOnePoint	0.1	4	1.9392920155481304
70	cxOnePoint	0.1	6	1.9404528532460303
70	cxOnePoint	0.1	8	1.9320846747803024
70	cxOnePoint	0.125	2	1.940580304480624
70	cxOnePoint	0.125	4	1.94522449669344
70	cxOnePoint	0.125	6	1.9470292062139032
70	cxOnePoint	0.125	8	1.9392140722136797
70	cxOnePoint	0.15	2	1.9383840399387244
70	cxOnePoint	0.15	4	1.9428303128176008
70	cxOnePoint	0.15	6	1.9386494801488032
70	cxOnePoint	0.15	8	1.9434587080787984
70	cxOnePoint	0.175	2	1.9456351167468624
70	cxOnePoint	0.175	4	1.947500261522075
70	cxOnePoint	0.175	6	1.9411387511728204
70	cxOnePoint	0.175	8	1.945497076708168
70	cxOnePoint	0.2	2	1.9478712576768653
70	cxOnePoint	0.2	4	1.9475881358378837
70	cxOnePoint	0.2	6	1.9431259607652
70	cxOnePoint	0.2	8	1.9351861292840935
70	cxOnePoint	0.25	2	1.9493579206795109
70	cxOnePoint	0.25	4	1.9462740996118828
70	cxOnePoint	0.25	6	1.9483879111343845
70	cxOnePoint	0.25	8	1.941607981409918
70	cxOnePoint	0.3	2	1.9461164019618709
70	cxOnePoint	0.3	4	1.943653192756397
70	cxOnePoint	0.3	6	1.948237271361948
70	cxOnePoint	0.3	8	1.9424658789107712
70	cxTwoPoint	0.05	2	1.9368979769429329
70	cxTwoPoint	0.05	4	1.9398245807216257
70	cxTwoPoint	0.05	6	1.9336588307623117
70	cxTwoPoint	0.05	8	1.9411576965842108
70	cxTwoPoint	0.075	2	1.9447569574584571
70	cxTwoPoint	0.075	4	1.9391327160882068
70	cxTwoPoint	0.075	6	1.9373624805319427
70	cxTwoPoint	0.075	8	1.9449477364751315
70	cxTwoPoint	0.1	2	1.9441865965583245
70	cxTwoPoint	0.1	4	1.9359902409745489
70	cxTwoPoint	0.1	6	1.9441303980113416
70	cxTwoPoint	0.1	8	1.9399025955234843
70	cxTwoPoint	0.125	2	1.947189525771846
70	cxTwoPoint	0.125	4	1.943480377693568
70	cxTwoPoint	0.125	6	1.943501032826848
70	cxTwoPoint	0.125	8	1.9447711771537863
70	cxTwoPoint	0.15	2	1.9481513307262641
70	cxTwoPoint	0.15	4	1.9423105835052281
70	cxTwoPoint	0.15	6	1.9384993406181512
70	cxTwoPoint	0.15	8	1.938932749197689
70	cxTwoPoint	0.175	2	1.9425807162232
70	cxTwoPoint	0.175	4	1.9405162434049759
70	cxTwoPoint	0.175	6	1.9383203430996196
70	cxTwoPoint	0.175	8	1.9417036110805608
70	cxTwoPoint	0.2	2	1.9474210502914515
70	cxTwoPoint	0.2	4	1.9457426002299725
70	cxTwoPoint	0.2	6	1.9437599315189904
70	cxTwoPoint	0.2	8	1.9376751294867105
70	cxTwoPoint	0.25	2	1.949434670014606
70	cxTwoPoint	0.25	4	1.9434993147383488
70	cxTwoPoint	0.25	6	1.9441255937742488
70	cxTwoPoint	0.25	8	1.9477513226171583
70	cxTwoPoint	0.3	2	1.945156651824525
70	cxTwoPoint	0.3	4	1.943543444673615
70	cxTwoPoint	0.3	6	1.9472836477564823
70	cxTwoPoint	0.3	8	1.9449506895479296
70	cxUniform	0.05	2	1.9511219687525532
70	cxUniform	0.05	4	1.9469439564069264
70	cxUniform	0.05	6	1.943865053851072
70	cxUniform	0.05	8	1.945982647316005
70	cxUniform	0.075	2	1.9500585059276567
70	cxUniform	0.075	4	1.9495239334502508
70	cxUniform	0.075	6	1.9474663847836615
70	cxUniform	0.075	8	1.95078173390144
70	cxUniform	0.1	2	1.95137247119871
70	cxUniform	0.1	4	1.945724104871677
70	cxUniform	0.1	6	1.9463798821596088
70	cxUniform	0.1	8	1.9410785876594343
70	cxUniform	0.125	2	1.9514502595246492
70	cxUniform	0.125	4	1.9463562852515464
70	cxUniform	0.125	6	1.9498467000392268
70	cxUniform	0.125	8	1.9493927017151813
70	cxUniform	0.15	2	1.9520227469325395
70	cxUniform	0.15	4	1.9492521044142117
70	cxUniform	0.15	6	1.9489980271008247
70	cxUniform	0.15	8	1.946872321680921
70	cxUniform	0.175	2	1.951841497905073
70	cxUniform	0.175	4	1.946315086408972
70	cxUniform	0.175	6	1.9472934453605144
70	cxUniform	0.175	8	1.943287638406741
70	cxUniform	0.2	2	1.9513364554233543
70	cxUniform	0.2	4	1.9504911546272865
70	cxUniform	0.2	6	1.9473735768389864
70	cxUniform	0.2	8	1.9488649828798708
70	cxUniform	0.25	2	1.9513223170467944
70	cxUniform	0.25	4	1.9476030761963612
70	cxUniform	0.25	6	1.9481309906186053
70	cxUniform	0.25	8	1.9494754488582895
70	cxUniform	0.3	2	1.9517233441225716
70	cxUniform	0.3	4	1.9484777647472225
70	cxUniform	0.3	6	1.9530191104418293
70	cxUniform	0.3	8	1.94857891654686
80	cxOnePoint	0.05	2	1.9373657554600885
80	cxOnePoint	0.05	4	1.9380752919776585
80	cxOnePoint	0.05	6	1.938468560329576
80	cxOnePoint	0.05	8	1.9358585330221565
80	cxOnePoint	0.075	2	1.9438474777373016
80	cxOnePoint	0.075	4	1.9363877913573115
80	cxOnePoint	0.075	6	1.943730528067745
80	cxOnePoint	0.075	8	1.9374864771843088
80	cxOnePoint	0.1	2	1.949742191167736
80	cxOnePoint	0.1	4	1.9352343634556184
80	cxOnePoint	0.1	6	1.9330636052214365
80	cxOnePoint	0.1	8	1.9417000246213705
80	cxOnePoint	0.125	2	1.9383779479789824
80	cxOnePoint	0.125	4	1.9458923569848925
80	cxOnePoint	0.125	6	1.9361935390607172
80	cxOnePoint	0.125	8	1.9346793389712325
80	cxOnePoint	0.15	2	1.9441730100550259
80	cxOnePoint	0.15	4	1.9390078775611284
80	cxOnePoint	0.15	6	1.9413617943249
80	cxOnePoint	0.15	8	1.9488109517397367
80	cxOnePoint	0.175	2	1.9422047010707573
80	cxOnePoint	0.175	4	1.94427377095983
80	cxOnePoint	0.175	6	1.9356886217054696
80	cxOnePoint	0.175	8	1.9402436802611884
80	cxOnePoint	0.2	2	1.9467493558364533
80	cxOnePoint	0.2	4	1.9401449980338523
80	cxOnePoint	0.2	6	1.944548029021295
80	cxOnePoint	0.2	8	1.934826105618344
80	cxOnePoint	0.25	2	1.9455375949017064
80	cxOnePoint	0.25	4	1.9438152032667773
80	cxOnePoint	0.25	6	1.9438483563661049
80	cxOnePoint	0.25	8	1.9418356492513853
80	cxOnePoint	0.3	2	1.9411750215199304
80	cxOnePoint	0.3	4	1.9493097383249929
80	cxOnePoint	0.3	6	1.945568543711342
80	cxOnePoint	0.3	8	1.942516743442167
80	cxTwoPoint	0.05	2	1.9361062425400264
80	cxTwoPoint	0.05	4	1.9361835367379865
80	cxTwoPoint	0.05	6	1.9314177357986533
80	cxTwoPoint	0.05	8	1.9434327969676404
80	cxTwoPoint	0.075	2	1.93448997526464
80	cxTwoPoint	0.075	4	1.9430828053174296
80	cxTwoPoint	0.075	6	1.935088238841508
80	cxTwoPoint	0.075	8	1.9341975461828929
80	cxTwoPoint	0.1	2	1.9430293312740472
80	cxTwoPoint	0.1	4	1.939509941156624
80	cxTwoPoint	0.1	6	1.947203906804432
80	cxTwoPoint	0.1	8	1.9337019048710724
80	cxTwoPoint	0.125	2	1.9381014665574403
80	cxTwoPoint	0.125	4	1.9371114151312032
80	cxTwoPoint	0.125	6	1.9341529375508015
80	cxTwoPoint	0.125	8	1.942072012335184
80	cxTwoPoint	0.15	2	1.9469119779868431
80	cxTwoPoint	0.15	4	1.944401074134852
80	cxTwoPoint	0.15	6	1.9384524880083456
80	cxTwoPoint	0.15	8	1.9306242599563892
80	cxTwoPoint	0.175	2	1.9458205007070235
80	cxTwoPoint	0.175	4	1.939426845607749
80	cxTwoPoint	0.175	6	1.9433595482759367
80	cxTwoPoint	0.175	8	1.9404737949449111
80	cxTwoPoint	0.2	2	1.9419122424966475
80	cxTwoPoint	0.2	4	1.936067741427628
80	cxTwoPoint	0.2	6	1.9476692550797816
80	cxTwoPoint	0.2	8	1.941054892158036
80	cxTwoPoint	0.25	2	1.9523061114252367
80	cxTwoPoint	0.25	4	1.9476836608489927
80	cxTwoPoint	0.25	6	1.9453424590594468
80	cxTwoPoint	0.25	8	1.9386682422112025
80	cxTwoPoint	0.3	2	1.9486499587055532
80	cxTwoPoint	0.3	4	1.9455402158275819
80	cxTwoPoint	0.3	6	1.9454621152073657
80	cxTwoPoint	0.3	8	1.9451794195427299
80	cxUniform	0.05	2	1.94481366207938
80	cxUniform	0.05	4	1.9371774654527067
80	cxUniform	0.05	6	1.942905478546605
80	cxUniform	0.05	8	1.939391906570991
80	cxUniform	0.075	2	1.9497748998914797
80	cxUniform	0.075	4	1.9460686636416504
80	cxUniform	0.075	6	1.9462660215189296
80	cxUniform	0.075	8	1.942142445830353
80	cxUniform	0.1	2	1.948227544882804
80	cxUniform	0.1	4	1.9475720344739835
80	cxUniform	0.1	6	1.9475835377691957
80	cxUniform	0.1	8	1.9453063863021407
80	cxUniform	0.125	2	1.945308461226491
80	cxUniform	0.125	4	1.944386476333873
80	cxUniform	0.125	6	1.944075553730348
80	cxUniform	0.125	8	1.939925388624642
80	cxUniform	0.15	2	1.949462447204456
80	cxUniform	0.15	4	1.9469509281132364
80	cxUniform	0.15	6	1.946184857102364
80	cxUniform	0.15	8	1.943999609224931
80	cxUniform	0.175	2	1.9478934650250708
80	cxUniform	0.175	4	1.949462584294877
80	cxUniform	0.175	6	1.9430320701656751
80	cxUniform	0.175	8	1.9386583781807605
80	cxUniform	0.2	2	1.9510206724926888
80	cxUniform	0.2	4	1.9517975623000776
80	cxUniform	0.2	6	1.9429096308471507
80	cxUniform	0.2	8	1.9501588846469664
80	cxUniform	0.25	2	1.9494571868929176
80	cxUniform	0.25	4	1.9484981621471065
80	cxUniform	0.25	6	1.9476550837750608
80	cxUniform	0.25	8	1.944588638061054
80	cxUniform	0.3	2	1.9491153200385785
80	cxUniform	0.3	4	1.9455656710792435
80	cxUniform	0.3	6	1.9448387255035928
80	cxUniform	0.3	8	1.9467854794855852
90	cxOnePoint	0.05	2	1.9359981159147732
90	cxOnePoint	0.05	4	1.930233442435934
90	cxOnePoint	0.05	6	1.9326026785892996
90	cxOnePoint	0.05	8	1.927709137604552
90	cxOnePoint	0.075	2	1.928624162045492
90	cxOnePoint	0.075	4	1.931128226228232
90	cxOnePoint	0.075	6	1.9345021913676648
90	cxOnePoint	0.075	8	1.9337752296353323
90	cxOnePoint	0.1	2	1.9322559144270064
90	cxOnePoint	0.1	4	1.9311873912565047
90	cxOnePoint	0.1	6	1.9319077970286236
90	cxOnePoint	0.1	8	1.9443791861924653
90	cxOnePoint	0.125	2	1.9399174593363948
90	cxOnePoint	0.125	4	1.9271228279400048
90	cxOnePoint	0.125	6	1.934600235118645
90	cxOnePoint	0.125	8	1.9405875996097528
90	cxOnePoint	0.15	2	1.9349653402530909
90	cxOnePoint	0.15	4	1.9330339870953128
90	cxOnePoint	0.15	6	1.938926670622703
90	cxOnePoint	0.15	8	1.9420215751610723
90	cxOnePoint	0.175	2	1.9463035455429225
90	cxOnePoint	0.175	4	1.9405124126135005
90	cxOnePoint	0.175	6	1.9437807913137621
90	cxOnePoint	0.175	8	1.9361538490033048
90	cxOnePoint	0.2	2	1.9418394111554311
90	cxOnePoint	0.2	4	1.93083398883298
90	cxOnePoint	0.2	6	1.9411401830271708
90	cxOnePoint	0.2	8	1.9385766291229483
90	cxTwoPoint	0.05	2	1.9376475205277115
90	cxTwoPoint	0.05	4	1.9324027166809472
90	cxTwoPoint	0.05	6	1.9374488678894128
90	cxTwoPoint	0.05	8	1.933232147816341
90	cxTwoPoint	0.075	2	1.9395952744273643
90	cxTwoPoint	0.075	4	1.937515844177772
90	cxTwoPoint	0.075	6	1.9391439003706956
90	cxTwoPoint	0.075	8	1.9319565847801627
90	cxTwoPoint	0.1	2	1.941646212067861
90	cxTwoPoint	0.1	4	1.937286732962837
90	cxTwoPoint	0.1	6	1.9366775073282767
90	cxTwoPoint	0.1	8	1.936384501631764
90	cxTwoPoint	0.125	2	1.9458506210398043
90	cxTwoPoint	0.125	4	1.9448472633820653
90	cxTwoPoint	0.125	6	1.9366091574367883
90	cxTwoPoint	0.125	8	1.935369652210802
90	cxTwoPoint	0.15	2	1.947164596281825
90	cxTwoPoint	0.15	4	1.9359299005318764
90	cxTwoPoint	0.15	6	1.9379204585548888
90	cxTwoPoint	0.15	8	1.9301459653717836
90	cxTwoPoint	0.175	2	1.946267286230464
90	cxTwoPoint	0.175	4	1.9476199917579304
90	cxTwoPoint	0.175	6	1.9362056051489875
90	cxTwoPoint	0.175	8	1.9398471166664344
90	cxTwoPoint	0.2	2	1.9407840463069541
90	cxTwoPoint	0.2	4	1.941489712538499
90	cxTwoPoint	0.2	6	1.9420628544223248
90	cxTwoPoint	0.2	8	1.9396361255236392
90	cxUniform	0.05	2	1.9416886120388908
90	cxUniform	0.05	4	1.9343319951319955
90	cxUniform	0.05	6	1.9448731513814916
90	cxUniform	0.05	8	1.9362486070149276
90	cxUniform	0.075	2	1.9426638060533528
90	cxUniform	0.075	4	1.9377366738237216
90	cxUniform	0.075	6	1.9329505818343948
90	cxUniform	0.075	8	1.9406460996004475
90	cxUniform	0.1	2	1.9467155751748983
90	cxUniform	0.1	4	1.94713601054729
90	cxUniform	0.1	6	1.939793150609384
90	cxUniform	0.1	8	1.9357600327320468
90	cxUniform	0.125	2	1.948323886622108
90	cxUniform	0.125	4	1.9378664069811469
90	cxUniform	0.125	6	1.9394882352617748
90	cxUniform	0.125	8	1.9337983087557669
90	cxUniform	0.15	2	1.9464414565985493
90	cxUniform	0.15	4	1.94111942378808
90	cxUniform	0.15	6	1.9472788539268413
90	cxUniform	0.15	8	1.9425469104012631
90	cxUniform	0.175	2	1.94836088240837
90	cxUniform	0.175	4	1.9445133762238664
90	cxUniform	0.175	6	1.9435790914540712
90	cxUniform	0.175	8	1.941121813949519
90	cxUniform	0.2	2	1.94118079604496
90	cxUniform	0.2	4	1.9507360738630428
90	cxUniform	0.2	6	1.9400154814803012
90	cxUniform	0.2	8	1.9397374002558545
